id,Venue Name,City,State,Country,Times Played,Last Played
0,1 Up - Colfax,Denver,CO,USA,1,2013-12-30
1,12th & Porter,Nashville,TN,USA,3,2003-10-02
2,20 Monroe Live,Grand Rapids,MI,USA,1,2017-02-02
3,203 East Marion Street,South Bend,IN,USA,1,1998-10-02
4,20th Century Theatre,Cincinnati,OH,USA,2,2002-11-15
5,21st Century Waterfront,Chattanooga,TN,USA,1,2016-06-16
6,24th Street Park,Virginia Beach,VA,USA,1,2024-09-01
7,4th & B,San Diego,CA,USA,2,2004-10-23
8,"4th Street Tavern, The",San Rafael,CA,USA,1,2001-07-02
9,713 Notre Dame Avenue,South Bend,IN,USA,2,1999-05-12
10,8150 Club,Vail,CO,USA,1,2003-03-30
11,"8x10, The",Baltimore,MD,USA,1,2002-02-17
12,9:30 Club,Washington,DC,USA,18,2024-02-15
13,92.3 WTTS Indianapolis,Indianapolis,IN,USA,1,2006-06-10
14,Abbey Road,Gainesville,FL,USA,1,2005-10-19
15,ACE Adventure Resort,Minden,WV,USA,3,2018-06-02
16,Ace of Spades,Sacramento,CA,USA,3,2025-03-20
17,ACL Live at Moody Theater,Austin,TX,USA,1,2018-08-31
18,"Aggie Theatre, The",Fort Collins,CO,USA,6,2009-01-22
19,"Aladdin Theater, The",Portland,OR,USA,2,2004-10-30
20,Alexian Field,Schaumburg,IL,USA,2,2005-07-09
21,Alivearoo - Simon Estes Riverfront Amphitheater,Des Moines,IA,USA,1,2004-08-20
22,Alpine Valley Music Theatre,East Troy,WI,USA,4,2009-07-19
23,Alumni Senior Club,Notre Dame,IN,USA,1,1998-03-20
24,Alvard Theater,Ashland,WI,USA,1,1998-09-19
25,American Legion Hall,South Bend,IN,USA,1,1999-06-12
26,Amos' Southend,Charlotte,NC,USA,3,2008-04-01
27,Amphitheatre at Richmond Raceway,Richmond,VA,USA,1,2005-07-15
28,Angelic Brewery,Madison,WI,USA,1,2000-06-24
29,"Annex, The",Madison,WI,USA,1,2001-03-16
30,"Anthem, The",Washington,DC,USA,3,2022-02-18
31,Anthology,Rochester,NY,USA,1,2017-01-29
32,"Apple Store, SoHo",New York,NY,USA,1,2011-09-09
33,Apple Valley Park,Lafayette,NY,USA,2,2021-06-26
34,Aragon Ballroom,Chicago,IL,USA,15,2018-10-06
35,Arcata Community Center,Arcata,CA,USA,1,2004-10-27
36,Arcata Theatre,Arcata,CA,USA,1,2010-10-06
37,Art Park,Lewiston,NY,USA,1,2011-06-29
38,Ascend Amphitheater,Nashville,TN,USA,2,2017-08-19
39,Asheville Civic Center,Asheville,NC,USA,1,2010-12-11
40,Ashland Armory,Ashland,OR,USA,1,2014-03-12
41,Atlanta Motor Speedway,Hampton,GA,USA,4,2021-05-01
42,Atlanta's Back Porch,Fairburn,GA,USA,2,2002-09-28
43,"Auditorium Theatre, The",Chicago,IL,USA,3,2008-12-31
44,Augusta Common,Augusta,GA,USA,2,2017-06-01
45,Augusta Convention Center,Augusta,GA,USA,1,2014-04-07
46,"Augusta Levee Festival, The",Augusta,GA,USA,1,2002-03-03
47,"Avalon, The",Hollywood,CA,USA,2,2006-10-21
48,"Avalon Ballroom, The",Boston,MA,USA,3,2007-04-12
49,"Avimore Arms Pub, The",Bend,OR,USA,1,2001-06-26
50,Avondale Brewing Company,Birmingham,AL,USA,6,2023-04-30
51,Axis,Bloomington,IN,USA,6,2002-11-20
52,B.B. King Blues Club & Grill,New York,NY,USA,2,2005-04-26
53,Babcock Theatre,Billings,MT,USA,1,2011-03-08
54,"Bacchanalia Festival, Drake University",Des Moines,IA,USA,1,2003-04-18
55,Backyard Bash,Chicago,IL,USA,2,2003-06-22
56,"Ballard Firehouse, The",Seattle,WA,USA,1,2003-06-27
57,"Bama Theatre, The",Tuscaloosa,AL,USA,2,2011-10-27
58,BamaJam,Enterprise,AL,USA,1,2009-06-06
59,"Band Room, Durty Nellie's, The",Palatine,IL,USA,1,2004-02-25
60,Bank of America Pavilion,Boston,MA,USA,4,2013-08-31
61,Barrelhouse Brewery,Cincinnati,OH,USA,2,1999-06-18
62,"Barrymore Theatre, The",Madison,WI,USA,22,2011-03-03
63,Bash on Ash,Tempe,AZ,USA,1,2003-07-14
64,Battery Park,Burlington,VT,USA,1,1999-07-06
65,"Beacham, The",Orlando,FL,USA,1,2025-05-30
66,Beachland Ballroom,Cleveland,OH,USA,3,2002-08-27
67,Beacon Theatre,New York,NY,USA,12,2020-01-18
68,"Beale Street Music Festival, The",Memphis,TN,USA,2,2008-05-04
69,Bearcat Getaway,Lesterville,MO,USA,2,2002-09-01
70,Beech Mountain Resort,Beech Mountain,NC,USA,2,2021-08-07
71,Bell's Brewery,Kalamazoo,MI,USA,9,2005-06-04
72,"Bellwether, The",Los Angeles,CA,USA,1,2024-03-23
73,Belly Up Aspen,Aspen,CO,USA,33,2024-03-10
74,Belly Up Tavern,Solana Beach,CA,USA,4,2005-12-08
75,Belmont-Sheffield Festival,Chicago,IL,USA,3,2004-06-06
76,Benchwarmers,South Bend,IN,USA,12,2000-07-29
77,Bendix Theatre - Century Center,South Bend,IN,USA,1,2004-05-20
78,"Berkley Front, The",Berkley,MI,USA,1,1998-10-09
79,Best Buy Theater,New York,NY,USA,3,2012-01-21
80,"Big E Arena, The",West Springfield,MA,USA,1,2024-09-15
81,Bijou Theatre,Knoxville,TN,USA,3,2008-11-19
82,Bill Graham Civic Auditorium,San Francisco,CA,USA,1,2005-02-12
83,Bill Monroe Memorial Music Park & Campground,Bean Blossom,IN,USA,2,2006-08-25
84,Birmingham-Southern College,Birmingham,AL,USA,1,2005-04-09
85,Blackhawk Farms Music Festival,South Beloit,IL,USA,1,2001-07-21
86,Blender Theater at Gramercy,New York,NY,USA,3,2008-10-16
87,"Blind Pig, The",Ann Arbor,MI,USA,5,2004-03-11
88,Blossom Music Center,Cuyahoga Falls,OH,USA,1,2005-07-17
89,Blue Cat's,Knoxville,TN,USA,7,2005-10-12
90,Blue Heron Club,Missoula,MT,USA,1,2002-04-22
91,Blue Hills Bank Pavilion,Boston,MA,USA,2,2016-08-12
92,Blue Nile,New Orleans,LA,USA,1,2002-05-03
93,"Blue Note, The",Columbia,MO,USA,5,2007-04-04
94,Blue Ridge HarvestFest,LaFayette,GA,USA,1,2004-09-17
95,"Bluebird Nightclub, The",Bloomington,IN,USA,31,2024-02-07
96,Bluegrass Brewing Company,Louisville,KY,USA,1,2002-03-20
97,Bogart's,Cincinnati,OH,USA,5,2006-11-15
98,Bonnaroo Music & Arts Festival,Manchester,TN,USA,15,2023-06-18
99,Boondock Studios,Niles,MI,USA,2,2020-06-11
100,"Boot Pub, The",Whistler,BC,Canada,1,2001-06-23
101,Borders,Ann Arbor,MI,USA,1,2007-12-01
102,"Bottom Lounge, The",Chicago,IL,USA,1,2003-03-17
103,Bouckaert Farm,Fairburn,GA,USA,1,2007-10-14
104,Boulder Theater,Boulder,CO,USA,7,2024-12-31
105,"Bowery Ballroom, The",New York,NY,USA,3,2004-02-20
106,Breathless Punta Cana Resort & Spa,Punta Cana,,DR,12,2017-12-03
107,Brenton Skating Plaza,Des Moines,IA,USA,2,2016-06-29
108,Bridget McGuire's Filling Station,South Bend,IN,USA,1,1998-01-21
109,Britt Pavilion,Jacksonville,OR,USA,2,2024-07-17
110,Broadway Joe's,Buffalo,NY,USA,1,1999-07-10
111,Brooklyn Bowl,Brooklyn,NY,USA,11,2024-01-21
112,Brooklyn Bowl Las Vegas,Las Vegas,NV,USA,6,2023-02-25
113,Brooklyn Bowl London,London,,England,3,2014-06-21
114,Brooklyn Bowl Philadelphia,Philadelphia,PA,USA,3,2024-02-17
115,Brooklyn Steel,Brooklyn,NY,USA,7,2024-01-20
116,Brother Jimmy's,Chicago,IL,USA,4,2000-08-24
117,Brown Theatre,Louisville,KY,USA,1,2006-05-19
118,Brown University,Providence,RI,USA,1,2008-04-12
119,Buckeye Lake,Buckeye Lake,OH,USA,1,2002-05-25
120,Buffalo Place Rocks the Harbor,Buffalo,NY,USA,1,2009-06-26
121,Bunbury Festival,Cincinnati,OH,USA,1,2016-06-04
122,"Buskirk-Chumley Theater, The",Bloomington,IN,USA,7,2004-10-07
123,Buster's Billiards & Backroom,Lexington,KY,USA,3,2013-01-31
124,Buttermilk Ski Area,Aspen,CO,USA,1,2019-04-05
125,Byron Bay Bluesfest,Byron Bay,NSW,Australia,2,2010-04-05
126,"Cabooze, The",Minneapolis,MN,USA,5,2004-01-31
127,Cabooze Outdoor Plaza,Minneapolis,MN,USA,1,2013-07-05
128,Cain's Ballroom,Tulsa,OK,USA,10,2018-08-09
129,California Mid-State Fair,Paso Robles,CA,USA,1,2024-07-20
130,Calumet Arts Cafe,Buffalo,NY,USA,2,1999-10-23
131,Calvin Theatre,Northampton,MA,USA,8,2015-02-18
132,Camp Buzz Fall Ball,Oxford,OH,USA,1,2001-10-13
133,Canalside,Buffalo,NY,USA,2,2018-06-28
134,Cannery Ballroom,Nashville,TN,USA,1,2008-11-15
135,Cannery Row Revival - Mercy Lounge,Nashville,TN,USA,1,2006-08-19
136,"Canopy Club, The",Urbana,IL,USA,38,2018-10-18
137,Cape Cod Melody Tent,Hyannis,MA,USA,2,2023-06-03
138,Capitol Center for the Arts,Concord,NH,USA,1,2011-09-14
139,"Capitol Theatre, The",Davenport,IA,USA,2,2009-07-16
140,"Capitol Theatre, The",Port Chester,NY,USA,11,2025-02-01
141,Cargo at Whitney Peak,Reno,NV,USA,1,2015-03-08
142,Carling Academy Islington,London,,England,1,2008-03-14
143,Carnival's Celebration,Atlantic Ocean,,Atlantic Ocean,2,2005-01-09
144,Cat's Cradle,Carrboro,NC,USA,5,2004-12-06
145,"Catalyst, The",Santa Cruz,CA,USA,4,2007-06-10
146,Cathead Distillery,Jackson,MS,USA,1,2019-06-01
147,Catskill Chill Music Festival,Hancock,NY,USA,1,2011-09-10
148,"Caverns, The",Pelham,TN,USA,2,2024-08-25
149,"Caverns Outdoor Amphitheater, The",Pelham,TN,USA,4,2022-08-21
150,CBGB,New York,NY,USA,1,2006-04-21
151,CEFCU Center Stage at The Landing,Peoria,IL,USA,4,2017-07-23
152,Centennial Olympic Park,Atlanta,GA,USA,3,2022-04-30
153,Centennial Terrace,Sylvania,OH,USA,1,2010-07-07
154,Center for the Performing Arts - Governors State University,University Park,IL,USA,1,2004-05-07
155,Cervantes' Masterpiece Ballroom,Denver,CO,USA,4,2005-02-27
156,Chameleon Club,Lancaster,PA,USA,1,2004-07-15
157,Champlain Valley Exposition,Essex,VT,USA,1,2022-06-12
158,Charlottesville Pavilion,Charlottesville,VA,USA,1,2007-06-27
159,Charter One Pavilion at Northerly Island,Chicago,IL,USA,1,2008-07-19
160,Chastain Park Amphitheater,Atlanta,GA,USA,2,2017-08-18
161,Chautauqua Auditorium,Boulder,CO,USA,1,2013-06-08
162,Cheers,South Bend,IN,USA,1,1999-04-16
163,Chesterfield Amphitheater,Chesterfield,MO,USA,2,2018-08-10
164,"Chicago Theatre, The",Chicago,IL,USA,1,2006-03-10
165,"Chill, New City YMCA, The",Chicago,IL,USA,1,2004-08-22
166,Cicero's,St. Louis,MO,USA,4,2002-07-22
167,Cisco Systems Bluesfest,Ottawa,ON,Canada,1,2005-07-13
168,City Hall,Nashville,TN,USA,2,2007-11-16
169,City Opera House,Traverse City,MI,USA,1,2009-10-07
170,"Civic Theatre, The",New Orleans,LA,USA,1,2014-04-17
171,Clarke Memorial Fountain,Notre Dame,IN,USA,2,1998-10-28
172,"Classic Center, The",Athens,GA,USA,1,2014-08-29
173,Clearwater Theater,West Dundee,IL,USA,3,2003-10-22
174,Clinton State Park,Lawrence,KS,USA,2,2005-06-17
175,Club 23,South Bend,IN,USA,1,1998-01-29
176,Club Dada,Dallas,TX,USA,2,2002-10-22
177,Club Electra,Cincinnati,OH,USA,1,2001-08-23
178,Club Fever,South Bend,IN,USA,1,2011-10-23
179,Club Laga,Pittsburgh,PA,USA,1,2003-02-25
180,Club Metronome,Burlington,VT,USA,1,2001-02-16
181,"Club Rio - The Rio Hotel & Casino, The",Las Vegas,NV,USA,1,2004-04-16
182,Club Soda,Kalamazoo,MI,USA,11,2001-12-12
183,Clutch Cargos,Pontiac,MI,USA,1,2007-03-16
184,Clyde Theatre,Fort Wayne,IN,USA,3,2023-01-26
185,Coca-Cola Roxy,Atlanta,GA,USA,2,2022-12-31
186,COHAB.SPACE,High Point,NC,USA,1,2025-05-25
187,College Street Music Hall,New Haven,CT,USA,5,2022-02-10
188,Colorado Brewery Music Hall,Danbury,CT,USA,1,2003-11-21
189,"Colorado Brewing Company, The",Danbury,CT,USA,1,2003-03-07
190,Concord Music Hall,Chicago,IL,USA,1,2016-09-03
191,Conduit,Trenton,NJ,USA,1,2003-06-09
192,Congress Theater,Chicago,IL,USA,1,2012-09-02
193,Cooper's Lake Campground,Slippery Rock,PA,USA,1,2019-09-21
194,Copper Dragon Brewing Company,Carbondale,IL,USA,5,2005-04-28
195,Crash Mansion LA,Los Angeles,CA,USA,1,2008-02-13
196,Crocodile Rock,Austin,TX,USA,1,2002-03-15
197,Crofoot Festival Grounds,Pontiac,MI,USA,2,2021-05-29
198,"Crossroads KC, The",Kansas City,MO,USA,9,2018-10-04
199,"Crowbar, The",State College,PA,USA,2,2004-02-23
200,Crystal Ballroom,Portland,OR,USA,20,2024-03-16
201,Crystal Bay Club Casino,Crystal Bay,NV,USA,5,2012-03-11
202,"Cubby Bear, The",Chicago,IL,USA,6,2013-05-09
203,Cultural Center Theater,Charleston,WV,USA,1,2014-07-27
204,Culture Room,Ft. Lauderdale,FL,USA,3,2007-02-21
205,Cumberland's,Charleston,SC,USA,1,2002-02-26
206,"Cutting Room, The",New York,NY,USA,1,2018-01-18
207,Czar's 505,St. Joseph,MI,USA,6,1999-07-16
208,"Dame, The",Lexington,KY,USA,1,2003-10-01
209,"Danforth Music Hall, The",Toronto,ON,Canada,1,2012-10-24
210,Darrington Bluegrass Music Park,Darrington,WA,USA,1,2019-08-02
211,Dave's On Dickson,Fayetteville,AR,USA,3,2004-03-23
212,Dead Creek Campground,Noblesville,IN,USA,2,2000-07-10
213,"Depot, The",Salt Lake City,UT,USA,10,2023-09-14
214,Dexter Lake Music Festival,Dexter Lake,OR,USA,1,2001-06-30
215,Diamond Ballroom,Oklahoma City,OK,USA,1,2010-09-25
216,Dillon Amphitheater,Dillon,CO,USA,2,2023-06-15
217,Disco Rodeo,Raleigh,NC,USA,1,2006-05-03
218,Discover Music,Decatur,GA,USA,1,2002-03-02
219,"District, The",Sioux Falls,SD,USA,1,2024-06-20
220,"Docks Concert Theatre on Polson Pier, The",Toronto,ON,Canada,1,2005-07-12
221,"Dome at Oakdale, The",Wallingford,CT,USA,1,2011-07-14
222,"Domino Room at the Midtown Rock Rink and Roll, The",Bend,OR,USA,1,2002-04-18
223,Double Diamond,Aspen,CO,USA,1,2003-07-17
224,"Double Door, The",Chicago,IL,USA,1,2000-11-29
225,Double JJ Resort,Rothbury,MI,USA,5,2024-06-23
226,Dreams Tulum Resort,Tulum,,Mexico,3,2012-12-20
227,"Duck Inn, The",Evansville,IN,USA,1,2001-10-05
228,Dunn Meadow,Bloomington,IN,USA,1,1998-10-25
229,Durty Nellie's,Palatine,IL,USA,8,2003-08-16
230,"Eagles Ballroom, The",Milwaukee,WI,USA,5,2011-11-05
231,Earth Fair,New York,NY,USA,1,2006-04-21
232,Echo Mountain Recording Studio,Asheville,NC,USA,1,2011-10-30
233,Echostage,Washington,DC,USA,1,2016-02-12
234,"Egg, The",Albany,NY,USA,1,2006-10-02
235,Egyptian Theatre,DeKalb,IL,USA,2,2009-04-17
236,El Capitan Entertainment Center,Hollywood,CA,USA,1,2006-05-18
237,El Rey Theater,Albuquerque,NM,USA,1,2010-09-28
238,El Rey Theatre,Los Angeles,CA,USA,1,2005-12-09
239,Elbo Room,Chicago,IL,USA,6,1999-07-17
240,Electric Factory,Philadelphia,PA,USA,10,2012-02-11
241,"Elm, The",Bozeman,MT,USA,4,2025-03-12
242,Emens Auditorium,Muncie,IN,USA,1,2008-10-03
243,Emerson Center for Arts & Culture,Bozeman,MT,USA,2,2013-03-10
244,"Encore University Center, University of Wisconsin, The",Steven's Point,WI,USA,1,2004-02-28
245,Epic Event Center,Green Bay,WI,USA,1,2024-04-10
246,Eureka Theater,Eureka,CA,USA,2,2009-10-25
247,Everwise Amphitheater at White River State Park,Indianapolis,IN,USA,1,2024-08-24
248,"Exclusive Company, The",Milwaukee,WI,USA,1,2011-11-05
249,Exit/In,Nashville,TN,USA,3,2005-03-07
250,ExploreAsheville.com Arena,Asheville,NC,USA,12,2022-02-26
251,Express Live!,Columbus,OH,USA,3,2020-01-25
252,Expression College for Digital Art,Emeryville,CA,USA,1,2010-10-03
253,F-Shed at The Market,Syracuse,NY,USA,2,2016-08-14
254,"F.M. Kirby Center for the Performing Arts, The",Wilkes-Barre,PA,USA,1,2014-10-30
255,FÃªte Ballroom,Providence,RI,USA,1,2013-01-19
256,"Fabulous Fox Theatre, The",St. Louis,MO,USA,1,2014-08-15
257,"Factory, The",South Bend,IN,USA,3,1999-12-11
258,Family Circle Stadium,Charleston,SC,USA,2,2013-10-05
259,Farm Bureau Insurance Lawn at White River State Park,Indianapolis,IN,USA,4,2018-08-11
260,Farmapalooza,Mondovi,WI,USA,1,2003-07-25
261,Festival Pier at Penn's Landing,Philadelphia,PA,USA,2,2008-07-25
262,Field Museum,Chicago,IL,USA,1,2001-08-16
263,Filene Center at Wolf Trap,Vienna,VA,USA,2,2013-09-01
264,"Fillmore, The",Charlotte,NC,USA,8,2024-01-11
265,"Fillmore, The",Detroit,MI,USA,17,2024-02-03
266,"Fillmore, The",San Francisco,CA,USA,10,2011-03-13
267,"Fillmore, The",Philadelphia,PA,USA,9,2023-01-14
268,Fillmore Auditorium,Denver,CO,USA,24,2019-12-31
269,"Fillmore Miami Beach, The",Miami Beach,FL,USA,4,2019-08-16
270,"Fillmore Silver Spring, The",Silver Spring,MD,USA,3,2014-02-16
271,Finnigan's,South Bend,IN,USA,2,1998-10-29
272,First Avenue,Minneapolis,MN,USA,29,2024-04-13
273,FirstMerit Bank Pavilion at Northerly Island,Chicago,IL,USA,1,2013-08-17
274,Forest Park,St. Louis,MO,USA,1,2015-09-13
275,Forum Theatre,Binghamton,NY,USA,1,2014-10-29
276,Founders Brewing Co.,Grand Rapids,MI,USA,1,2017-06-17
277,"Foundry Nightclub, The",Dayton,OH,USA,1,2004-11-10
278,"Fountain, The",Indianapolis,IN,USA,1,2001-08-24
279,"Fox Theater, The",Oakland,CA,USA,9,2022-09-03
280,"Fox Theatre, The",Boulder,CO,USA,14,2008-09-01
281,Fraze Pavilion,Kettering,OH,USA,2,2019-08-25
282,"Frederick Fairgrounds, The",Frederick,MD,USA,2,2021-06-30
283,Frederik Meijer Gardens,Grand Rapids,MI,USA,6,2023-07-02
284,Freebird Live,Jacksonville Beach,FL,USA,3,2013-04-11
285,Freeman Arts Pavilion,Selbyville,DE,USA,1,2022-07-10
286,"Front Porch Music Festival, Blackhawk Farms, The",South Beloit,IL,USA,1,2000-09-09
287,Fuji Rock Festival,Niigata,,Japan,1,2006-07-30
288,Full Moon Resort,Big Indian,NY,USA,8,2013-06-20
289,"Funk Box, The",Baltimore,MD,USA,2,2004-02-21
290,G.A.B. Pavilion - Washington & Lee University,Lexington,VA,USA,1,2005-09-23
291,Galena Street & Cooper Avenue,Aspen,CO,USA,1,2015-03-13
292,Gameworks,Schaumburg,IL,USA,1,1999-09-02
293,Garcia's at the Capitol Theatre,Port Chester,NY,USA,1,2017-10-21
294,Garden In the Heights,Houston,TX,USA,1,2002-10-23
295,George's Majestic Lounge,Fayetteville,AR,USA,9,2025-04-25
296,Georgia Theatre,Athens,GA,USA,21,2025-01-16
297,Gerald R. Ford Amphitheater,Vail,CO,USA,2,2024-06-14
298,Gerstle's,Louisville,KY,USA,1,2003-02-04
299,GLC Live at 20 Monroe,Grand Rapids,MI,USA,1,2023-01-27
300,GMC Stadium,Sauget,IL,USA,1,2005-07-07
301,Good Music and Other Stuff,Asheville,NC,USA,1,2004-12-02
302,Good Records,Dallas,TX,USA,1,2012-04-21
303,Goose Island Brewery,Chicago,IL,USA,1,2003-02-23
304,"Gothic Theatre, The",Englewood,CO,USA,6,2010-07-04
305,Graceland Soundstage at Elvis Presley's Memphis,Memphis,TN,USA,1,2020-02-12
306,"Granada Theater, The",Dallas,TX,USA,4,2008-09-12
307,"Granada Theater, The",Lawrence,KS,USA,5,2005-02-28
308,"Grand Ballroom, The",New York,NY,USA,1,2008-10-13
309,Grand Opera House,Wilmington,DE,USA,1,2009-04-02
310,Grand Sierra Theatre,Reno,NV,USA,2,2022-09-04
311,Great American Music Hall,San Francisco,CA,USA,5,2005-05-08
312,Great Cedar Showroom at Foxwoods,Ledyard,CT,USA,1,2023-06-01
313,Green Room,Iowa City,IA,USA,1,2002-04-02
314,"Green Room at The Sawmill, The",Seaside Park,NJ,USA,1,2003-08-31
315,Greenfield Lake Amphitheater,Wilmington,NC,USA,9,2025-05-24
316,Grinders KC,Kansas City,MO,USA,1,2024-05-17
317,"Grog and Tankard, The",Washington,DC,USA,1,2001-09-20
318,"Grove at Patriots Point, The",Mt. Pleasant,SC,USA,1,2018-05-31
319,Guinness Oyster Festival,Chicago,IL,USA,1,2003-09-06
320,Gulf Shores Public Beach,Gulf Shores,AL,USA,4,2015-05-15
321,Gypsy Tea Room,Deep Ellum,TX,USA,1,2004-09-09
322,Gypsy Tea Room - Ballroom,Deep Ellum,TX,USA,1,2005-03-31
323,"Gypsy Tearoom, The",Dallas,TX,USA,1,2004-04-30
324,Hampton Beach Casino Ballroom,Hampton Beach,NH,USA,9,2024-07-05
325,Hard Rock Atlantic City,Atlantic City,NJ,USA,1,2025-01-25
326,Hard Rock Cafe,Las Vegas,NV,USA,1,2014-03-21
327,Hard Rock Hotel & Royalton Resort,Punta Cana,,Dominican Republic,1,2025-03-09
328,Hardly Strictly Bluegrass Festival,San Francisco,CA,USA,1,2010-10-03
329,Harlow's,Sacramento,CA,USA,1,2012-03-18
330,Harmony Festival,Santa Rosa,CA,USA,1,2007-06-09
331,Harmony Park Music Garden,Clarks Grove,MN,USA,2,2012-07-06
332,Harpa,Reykjavík,,Iceland,4,2022-03-27
333,Harper's Ferry,Allston,MA,USA,2,2003-02-27
334,Harrah's Lake Tahoe South Shore Room,Stateline,NV,USA,3,2024-03-21
335,Harro East Ballroom,Rochester,NY,USA,2,2014-02-09
336,Hartford HealthCare Amphitheater,Bridgeport,CT,USA,1,2022-06-09
337,Hartwood Amphitheatre,Pittsburgh,PA,USA,1,2006-08-20
338,"Haunt, The",Ithaca,NY,USA,1,2001-09-11
339,Haverford College,Philadelphia,PA,USA,1,2001-09-18
340,Haw River Ballroom,Saxapahaw,NC,USA,1,2025-01-17
341,Headliners Music Hall,Louisville,KY,USA,2,2006-11-16
342,Heartland,South Bend,IN,USA,4,1999-02-12
343,Hedonism III,Runaway Bay,,Jamaica,9,2009-12-13
344,Henfling's,Santa Cruz,CA,USA,1,2001-07-04
345,Henry Maier Festival Park,Milwaukee,WI,USA,9,2024-06-22
346,High Falls,Rochester,NY,USA,1,2005-07-19
347,Higher Ground,Winooski,VT,USA,3,2003-03-01
348,Higher Ground,South Burlington,VT,USA,21,2025-06-14
349,Historic Ashland Armory,Ashland,OR,USA,2,2012-03-21
350,"Hive, The",Sandpoint,ID,USA,4,2019-03-10
351,Hog Ridge Hollow Amphitheater,Fayetteville,AR,USA,1,2003-09-27
352,Hollywood Casino at Charles Town Races,Charles Town,WV,USA,1,2025-01-18
353,Hollywood Palladium,Los Angeles,CA,USA,1,2022-09-02
354,Hoosier Fest,Bloomington,IN,USA,1,2000-08-26
355,Horizon Event Center,Clive,IA,USA,1,2024-05-18
356,Horning's Hideout,North Plains,OR,USA,1,2022-07-23
357,House of Blues,Las Vegas,NV,USA,5,2013-03-21
358,House of Blues,Cleveland,OH,USA,13,2024-01-31
359,House of Blues,New Orleans,LA,USA,7,2012-04-14
360,House of Blues,Anaheim,CA,USA,3,2023-02-24
361,House of Blues,Cambridge,MA,USA,1,2001-02-20
362,House of Blues,Chicago,IL,USA,6,2004-10-08
363,House of Blues,San Diego,CA,USA,9,2015-03-05
364,House of Blues,Lake Buena Vista,FL,USA,5,2023-04-14
365,House of Blues,Houston,TX,USA,5,2023-04-21
366,House of Blues,North Myrtle Beach,SC,USA,5,2016-07-08
367,House of Blues,Atlantic City,NJ,USA,3,2011-09-22
368,House of Blues,Boston,MA,USA,13,2024-04-27
369,House of Blues,Dallas,TX,USA,11,2023-04-22
370,House of Blues - Parish,New Orleans,LA,USA,1,2003-04-30
371,House of Blues - Sunset Strip,West Hollywood,CA,USA,9,2013-03-23
372,House of Glass,Dunsmuir,CA,USA,1,2003-07-08
373,Howlin' Wolf,New Orleans,LA,USA,1,2003-04-26
374,Hoxeyville Music Festival,Wellston,MI,USA,1,2011-08-20
375,Hoyt Sherman Place,Des Moines,IA,USA,1,2006-05-30
376,Hunter Mountain,Hunter,NY,USA,6,2016-06-02
377,Huntington Bank Pavilion at Northerly Island,Chicago,IL,USA,2,2017-09-23
378,Huntington City Beach,Huntington Beach,CA,USA,1,2021-10-01
379,I.V. Labs,Chicago,IL,USA,1,2011-10-24
380,"Independent, The",San Francisco,CA,USA,1,2004-04-22
381,Indian Lookout Country Club,Mariaville,NY,USA,2,2013-07-11
382,Indiana State Fairgrounds,Indianapolis,IN,USA,1,2023-09-10
383,"Indiana University Auditorium, Indiana University",Bloomington,IN,USA,3,2009-10-01
384,Innsbrook Pavilion,Glen Allen,VA,USA,2,2008-07-16
385,"Intersection, The",Grand Rapids,MI,USA,7,2008-06-05
386,"Iota, The",Arlington,VA,USA,1,2002-02-19
387,Iowa Memorial Union Ballroom,Iowa City,IA,USA,4,2010-03-10
388,Irish Connection,South Bend,IN,USA,2,1998-03-05
389,Iron City Music Hall,Birmingham,AL,USA,2,2025-02-27
390,"Iron Horse, The",Northampton,MA,USA,1,2001-02-15
391,Iroquois Amphitheater,Louisville,KY,USA,7,2019-08-23
392,Irving Plaza,New York,NY,USA,4,2005-11-19
393,Ives Concert Park,Danbury,CT,USA,1,2005-07-24
394,Jake's Roadhouse,Decatur,GA,USA,1,2002-09-29
395,Jam Nations Radio Show,Hartford,CT,USA,1,2001-09-16
396,Jamboree Campground,Black River Falls,WI,USA,3,2002-05-26
397,"Jammin' on Walnut, The Bluebird",Bloomington,IN,USA,1,2001-08-28
398,Jannus Live,St. Petersburg,FL,USA,7,2025-06-01
399,Jazz Aspen Snowmass Labor Day Festival,Snowmass Village,CO,USA,1,2009-09-05
400,Jefferson Center,Roanoke,VA,USA,1,2025-01-19
401,Jefferson Theater,Charlottesville,VA,USA,5,2025-01-22
402,Jim Kelley's Nugget Outdoor Amphitheater,Crystal Bay,NV,USA,1,2002-07-14
403,Jimmy Seaside,Stamford,CT,USA,1,2000-03-25
404,JJ's Live,Fayetteville,AR,USA,2,2024-05-16
405,Joe's,Chicago,IL,USA,4,2002-08-17
406,Joey Harrison's Surf Club,Ortley Beach,NJ,USA,1,2002-08-23
407,John Anson Ford Amphitheatre,Los Angeles,CA,USA,1,2007-06-13
408,Johnny Mercer Theatre,Savannah,GA,USA,2,2025-03-01
409,Jonathan Brandmeier Show,Chicago,IL,USA,1,2007-06-26
410,"Joy Theater, The",New Orleans,LA,USA,2,2018-08-30
411,Kalamazoo State Theatre,Kalamazoo,MI,USA,10,2014-11-06
412,KEMBA Live!,Columbus,OH,USA,2,2024-02-02
413,Kenai Peninsula Fairgrounds,Ninilchik,AK,USA,2,2022-08-07
414,"Kennedy Union Pub, University of Dayton",Dayton,OH,USA,2,2003-10-09
415,KettleHouse Amphitheater,Bonner,MT,USA,2,2022-09-10
416,"Key Club, The",Hollywood,CA,USA,2,2005-05-05
417,Kingston Downs,Rome,GA,USA,1,2015-05-24
418,Kirby Fieldhouse - Hampden-Sydney College,Hampden Sydney,VA,USA,1,2014-10-17
419,"Klein, The",Bridgeport,CT,USA,2,2013-10-17
420,Knitting Factory,New York,NY,USA,1,2002-06-07
421,Knitting Factory,Spokane,WA,USA,1,2009-10-21
422,Knitting Factory,Reno,NV,USA,2,2010-10-02
423,Knitting Factory,Boise,ID,USA,3,2012-03-24
424,Knust,Hamburg,,Germany,1,2006-03-23
425,Koka Booth Amphitheatre at Regency Park,Cary,NC,USA,2,2008-07-31
426,Kresge Auditorium,Interlochen,MI,USA,1,2012-07-03
427,La Boule Noir,Paris,,France,1,2006-03-16
428,La Zona Rosa,Austin,TX,USA,3,2009-09-11
429,Lafayette Brewing Company,Lafayette,IN,USA,1,2003-12-03
430,Lafayette Square,Buffalo,NY,USA,2,2010-07-15
431,LaFortune Ballroom,Notre Dame,IN,USA,1,2000-11-30
432,Lake Superior Big Top Chautauqua,Bayfield,WI,USA,1,2024-06-21
433,Lakefront Green,Chicago,IL,USA,1,2019-08-10
434,LaLuna,Hamilton,ON,Canada,1,1999-07-09
435,Lambda Chi Alpha House,Auburn,AL,USA,1,2003-04-09
436,"Landing, The",South Bend,IN,USA,6,1998-11-04
437,Landmark Theatre,Syracuse,NY,USA,3,2022-01-21
438,Langerado Festival,Sunrise,FL,USA,1,2005-03-12
439,Langerado Music Festival,Big Cypress Reservation,FL,USA,1,2008-03-07
440,Las Tortugas - Dance of the Dead IV,Groveland (Yosemite),CA,USA,2,2009-10-31
441,Last Concert Cafe,Houston,TX,USA,2,2004-09-11
442,Lauridsen Amphitheater at Water Works Park,Des Moines,IA,USA,1,2021-08-15
443,"Lawn at White River State Park, The",Indianapolis,IN,USA,9,2019-08-24
444,LeClaire Park,Davenport,IA,USA,1,2005-08-20
445,Legend Valley Music Center,Thornville,OH,USA,3,2022-07-16
446,Legends,Boone,NC,USA,2,2010-11-10
447,Legends,Notre Dame,IN,USA,1,2003-11-07
448,Legends Lounge,Las Vegas,NV,USA,1,2001-07-11
449,Les Conneries,Montreal,QC,Canada,1,1999-07-04
450,Levitt Pavilion for the Performing Arts,Westport,CT,USA,1,2024-07-04
451,Levon Helm Studios,Woodstock,NY,USA,1,2021-06-27
452,Lewis Ginter Botanical Garden,Richmond,VA,USA,2,2012-06-28
453,Liberty Hall,Lawrence,KS,USA,6,2011-02-12
454,"Library, The",Oxford,MS,USA,2,2004-09-14
455,Lifestyle Communities Pavilion,Columbus,OH,USA,9,2014-01-31
456,Limelight Eventplex,Peoria,IL,USA,1,2015-06-28
457,Lincoln Hall,Chicago,IL,USA,3,2013-04-27
458,Lincoln Hill Farms,Canandaigua,NY,USA,1,2024-07-07
459,Lincoln Park Zoo,Chicago,IL,USA,1,2007-04-22
460,Lincoln Theatre,Raleigh,NC,USA,3,2008-07-31
461,Lincoln Theatre Street Stage,Raleigh,NC,USA,1,2007-06-29
462,Linneman's River West Inn,Milwaukee,WI,USA,1,1998-09-12
463,"Lion's Den, The",New York,NY,USA,1,2001-09-14
464,Little Brother's,Columbus,OH,USA,2,2002-08-28
465,Loeb Hall,Purdue University,IN,USA,1,2001-12-08
466,"Loeb Playhouse, Purdue University",West Lafayette,IN,USA,1,2003-10-23
467,Lollapalooza,Chicago,IL,USA,1,2006-08-04
468,Louisville Palace Theater,Louisville,KY,USA,1,2013-08-15
469,Lupo's Heartbreak Hotel,Providence,RI,USA,6,2016-02-05
470,"Lyric, The",Oxford,MS,USA,3,2016-04-06
471,M.V. Regal Empress,Atlantic Ocean,,Atlantic Ocean,2,2004-01-08
472,"Mad Frog, The",Cincinnati,OH,USA,3,2003-10-10
473,Madison Oyster Bar,South Bend,IN,USA,21,2001-09-06
474,Madison Oyster Bar Warehouse,South Bend,IN,USA,1,1999-10-29
475,Madison Square Garden,New York,NY,USA,1,2016-01-20
476,Madison Street Music Festival,South Bend,IN,USA,1,2000-05-06
477,"Madison Theater, The",Peoria,IL,USA,1,2003-01-30
478,Madison Theater,Covington,KY,USA,2,2010-03-06
479,"Magic Bag, The",Ferndale,MI,USA,4,2003-12-11
480,Magic City Music Hall,Johnson City,NY,USA,1,2007-10-18
481,Magoo's Underground Lounge,Chicago,IL,USA,1,1999-12-18
482,Mahalia Jackson Theater,New Orleans,LA,USA,1,2025-04-29
483,Majestic Theatre,Detroit,MI,USA,2,2005-09-07
484,Majestic Ventura Theatre,Ventura,CA,USA,2,2008-02-11
485,Mango Grill,Madison,WI,USA,1,1999-04-30
486,Mann Music Center,Philadelphia,PA,USA,1,2013-08-30
487,Margaret T. Hance Park,Phoenix,AZ,USA,2,2019-03-03
488,Marion Street,South Bend,IN,USA,1,1998-01-31
489,Marion/Navarre St. Block Party,South Bend,IN,USA,1,1998-04-24
490,Market Square,Knoxville,TN,USA,3,2011-05-19
491,Markham Park,Sunrise,FL,USA,1,2006-03-11
492,Marmelade Orangutang Shebang,Columbus,OH,USA,1,2001-09-07
493,"Marquee Theatre, The",Tempe,AZ,USA,6,2017-03-16
494,Marrz Theatre,Wilmington,NC,USA,1,2004-07-20
495,Mars Music Hall,Huntsville,AL,USA,1,2023-08-24
496,Marshfield Fairgrounds,Marshfield,MA,USA,2,2022-07-09
497,Martyrs',Chicago,IL,USA,13,2012-04-28
498,Marvin's Mountaintop,Masontown,WV,USA,8,2021-09-17
499,"Mason Jar, The",Phoenix,AZ,USA,1,2004-04-27
500,Masonic Auditorium,Cleveland,OH,USA,1,2019-03-23
501,Masquerade Music Park,Atlanta,GA,USA,3,2010-08-14
502,Masterson Station Park,Lexington,KY,USA,1,2017-08-26
503,Mayfest,Chicago,IL,USA,1,2001-05-20
504,Maymont,Richmond,VA,USA,1,2013-08-29
505,Maymont Park,Richmond,VA,USA,1,2011-06-23
506,"McCallie School, The",Chattanooga,TN,USA,1,2007-03-03
507,McCarren Park Pool,Brooklyn,NY,USA,1,2007-08-15
508,McDonald Theatre,Eugene,OR,USA,8,2024-03-14
509,McNear's Mystic Theatre,Petaluma,CA,USA,5,2025-03-19
510,Meadow Brook Music Festival,Rochester Hills,MI,USA,2,2015-08-15
511,Mean Fiddler,London,,England,1,2006-03-14
512,MegaCorp Pavilion,Newport,KY,USA,1,2024-02-09
513,Melkweg,Amsterdam,,Netherlands,12,2010-03-23
514,"Mercy Lounge, The",Nashville,TN,USA,1,2004-05-12
515,Meridian,Houston,TX,USA,1,2005-04-01
516,"Meritage Resort and Spa, The",Napa,CA,USA,1,2024-07-19
517,Mesa Theater & Club,Grand Junction,CO,USA,1,2009-09-18
518,Metro,Chicago,IL,USA,6,2024-12-12
519,"Metropolitan Theatre, The",Morgantown,WV,USA,1,2013-02-14
520,MGM Northfield Park,Northfield,OH,USA,1,2020-01-30
521,Miami Beach Bandshell,Miami Beach,FL,USA,2,2025-05-31
522,Michigan Theater,Ann Arbor,MI,USA,2,2009-10-02
523,Mickey's Pub,South Bend,IN,USA,7,2000-10-16
524,"Middle East, The",Cambridge,MA,USA,3,2003-11-20
525,Midtown Ballroom,Bend,OR,USA,3,2023-03-02
526,"Mill & Mine, The",Knoxville,TN,USA,3,2025-03-05
527,Minglewood Hall,Memphis,TN,USA,4,2016-08-18
528,Minnesota State Fair,St. Paul,MN,USA,2,2006-08-31
529,Miramar Theatre,Milwaukee,WI,USA,1,1999-05-22
530,"Mishawaka Amphitheatre, The",Bellvue,CO,USA,5,2023-09-09
531,Mishawaka Athletic Club,Mishawaka,IN,USA,1,1998-10-31
532,Mishawaka Brewing Company,Mishawaka,IN,USA,5,2005-09-02
533,Mississippi Nights,St. Louis,MO,USA,6,2004-08-19
534,"Mod Club, The",Toronto,ON,Canada,1,2011-11-03
535,MoDaddy's,Asheville,NC,USA,1,2009-02-21
536,Mogollon Brewing Company,Flagstaff,AZ,USA,1,2003-07-15
537,Mondo's,Iowa City,IA,USA,1,2001-06-13
538,Monster Bash,Chicago,IL,USA,1,2002-10-27
539,Montage Mountain,Scranton,PA,USA,6,2023-06-30
540,MontBleu Resort,Stateline,NV,USA,2,2017-03-10
541,Moonlite Gardens,Cincinnati,OH,USA,3,2012-07-04
542,"Moore Theatre, The",Seattle,WA,USA,2,2016-03-11
543,"Morris Civic Auditorium, The",South Bend,IN,USA,1,2021-11-14
544,"Morris Performing Arts Center, The",South Bend,IN,USA,5,2025-03-07
545,Mountain Creek River Resort,Eldridge,MO,USA,1,2012-08-31
546,Mr. Small's Theatre,Millvale,PA,USA,4,2010-10-21
547,MSC Divina,Atlantic Ocean,,Atlantic Ocean,3,2023-02-11
548,MSC Lirica,Atlantic Ocean,,Atlantic Ocean,4,2007-01-06
549,MSC Poesia,Atlantic Ocean,,Atlantic Ocean,2,2012-01-10
550,"MSU International Center, Michigan State University",East Lansing,MI,USA,1,2004-11-05
551,Mt. Shasta Ski Park,Mt. Shasta,CA,USA,2,2002-04-14
552,Mt. Tabor Theater,Portland,OR,USA,1,2001-06-28
553,Mulberry Mountain,Ozark,AR,USA,14,2019-05-31
554,Murat Shrine Center,Indianapolis,IN,USA,10,2009-03-14
555,"Music Box, The",Omaha,NE,USA,2,2001-06-14
556,Music Farm,Charleston,SC,USA,14,2015-09-26
557,Music Farm,Columbia,SC,USA,2,2017-06-02
558,Music Millennium (Northwest),Portland,OR,USA,1,2006-04-08
559,Muskegon Summer Celebration,Muskegon,MI,USA,1,2007-07-04
560,"National, The",Richmond,VA,USA,13,2024-01-14
561,"National Mall, The",Washington,DC,USA,1,2008-04-20
562,Neighborhood Theatre,Charlotte,NC,USA,3,2010-02-13
563,Nelson Ledges Quarry Park,Nelson Township,OH,USA,2,2023-07-01
564,Neptune,Seattle,WA,USA,2,2014-03-06
565,"Newberry, The",Great Falls,MT,USA,1,2025-03-13
566,Newby's,Memphis,TN,USA,1,2004-05-13
567,"Newport Music Hall, The",Columbus,OH,USA,9,2010-03-05
568,Nikon at Jones Beach Theater,Wantagh,NY,USA,1,2015-06-20
569,Niles Riverfront Amphitheater,Niles,MI,USA,1,2003-09-19
570,"No Name Festival, Waterloo Village",Stanhope,NJ,USA,1,2003-06-07
571,Nokia Theatre Times Square,New York,NY,USA,9,2010-02-25
572,North Charleston Coliseum,North Charleston,SC,USA,3,2016-09-24
573,North Charleston Performing Arts Center,Charleston,SC,USA,1,2014-04-04
574,"North Star Bar, The",Philadelphia,PA,USA,1,2002-08-25
575,Northern Lights,Clifton Park,NY,USA,4,2011-11-02
576,Northlands,Swanzey,NH,USA,3,2025-06-15
577,"Northside Concert Hall, IUSB",South Bend,IN,USA,2,1999-01-28
578,"NorVa, The",Norfolk,VA,USA,10,2024-01-13
579,Norwegian Jade,Atlantic Ocean,,Atlantic Ocean,2,2019-01-16
580,Now Sapphire Riviera Cancun,Puerto Morelos,,Mexico,15,2021-12-07
581,NTELOS Pavilion,Portsmouth,VA,USA,1,2007-06-28
582,Nuemo's,Seattle,WA,USA,1,2004-10-29
583,Oak Ridge Estate,Arrington,VA,USA,6,2018-08-24
584,Oasis One-Sixty,Chicago Heights,IL,USA,2,2003-09-10
585,"Observatory, The",Santa Ana,CA,USA,1,2025-03-22
586,"Observatory North Park, The",San Diego,CA,USA,5,2025-03-21
587,"Odeon, The",Cleveland,OH,USA,3,2004-11-11
588,Ogden Theatre,Denver,CO,USA,4,2024-12-29
589,Old Forester's Paristown Hall,Louisville,KY,USA,1,2025-03-06
590,"Opera House, The",Toronto,ON,Canada,2,2009-11-11
591,"Opera House at Expo Gardens, The",Peoria,IL,USA,1,2004-02-27
592,"Orange Peel, The",Asheville,NC,USA,11,2017-02-19
593,Orbit Music,Mishawaka,IN,USA,2,2011-10-23
594,"Orbit Room, The",Grand Rapids,MI,USA,6,2014-10-25
595,"Orpheum, The",Tampa,FL,USA,1,2002-03-06
596,Orpheum Theater,New Orleans,LA,USA,3,2017-04-21
597,Orpheum Theatre,Boston,MA,USA,1,2007-10-26
598,"Orpheum Theatre, The",Flagstaff,AZ,USA,4,2010-09-29
599,"Orpheum Theatre, The",Madison,WI,USA,11,2017-11-04
600,Otto's,DeKalb,IL,USA,11,2004-02-11
601,Outside the Factory,Philadelphia,PA,USA,1,2012-06-29
602,Oxford Fairgrounds,Oxford,ME,USA,1,2010-07-02
603,"Ozzies, The Balcony",Oxford,OH,USA,1,1999-06-19
604,"Pageant, The",St. Louis,MO,USA,22,2024-08-22
605,Palace Theatre,St. Paul,MN,USA,5,2018-10-20
606,Palace Theatre,Albany,NY,USA,5,2022-01-22
607,"Palladium, The",Worcester,MA,USA,1,2006-10-06
608,Paper Mill Island Amphitheater,Baldwinsville,NY,USA,3,2022-07-08
609,Paradise Rock Club,Boston,MA,USA,2,2004-12-09
610,"Paramount, The",Huntington,NY,USA,3,2025-02-02
611,Park West,Chicago,IL,USA,21,2023-12-09
612,Party In The Park,Rochester,NY,USA,1,2010-07-08
613,"Patio, The",Indianapolis,IN,USA,9,2000-12-15
614,Pavilion at Montage Mountain,Scranton,PA,USA,1,2006-07-05
615,Peabody's,Cleveland,OH,USA,1,2001-10-12
616,Pearl Street Ballroom,Northampton,MA,USA,1,2005-09-13
617,Peasant's,Greenville,NC,USA,1,2002-02-21
618,"Peggy Notebaert Nature Museum, The",Chicago,IL,USA,1,2001-02-08
619,Penn's Peak,Jim Thorpe,PA,USA,12,2025-01-24
620,People's Court,Des Moines,IA,USA,2,2010-10-27
621,People's,Ames,IA,USA,4,2004-02-09
622,Peoria Ribfest & Chili Cook-Off,Peoria,IL,USA,1,2008-10-04
623,Piedmont Hall,Greensboro,NC,USA,1,2019-09-19
624,Pier Six Pavilion,Baltimore,MD,USA,9,2024-08-29
625,Piere's Entertainment Center,Fort Wayne,IN,USA,2,2004-06-03
626,"Pines Theatre at Look Park, The",Northampton,MA,USA,1,2006-07-19
627,Pisgah Brewery,Black Mountain,NC,USA,1,2012-09-08
628,Pittsburgh Deli Company,Pittsburgh,PA,USA,4,2001-09-21
629,"Plaza 'Live' Theatre, The",Orlando,FL,USA,1,2013-04-12
630,Plumas-Sierra County Fairgrounds,Quincy,CA,USA,14,2019-07-06
631,Plymouth Amphitheater,Plymouth,IN,USA,1,2001-06-08
632,Pompano Beach Amphitheatre,Pompano Beach,FL,USA,1,2007-07-01
633,"Pontiac, The",Philadelphia,PA,USA,1,2001-09-17
634,Port City Music Hall,Portland,ME,USA,1,2009-11-15
635,Potowatomi Park,South Bend,IN,USA,1,1999-08-22
636,PromoWest Pavilion,Columbus,OH,USA,1,2005-02-19
637,PromoWest Pavilion at Ovation,Newport,KY,USA,1,2022-01-27
638,Prospect Park Bandshell,Brooklyn,NY,USA,1,2005-07-21
639,"Q Bar, The",Iowa City,IA,USA,2,2001-10-25
640,"Queen, The","Wilmington, DE",,USA,1,2025-01-23
641,"Quest, The",Minneapolis,MN,USA,1,2005-02-17
642,Quick's Backwoods,South Bend,IN,USA,3,1999-06-05
643,Quixote's,Denver,CO,USA,1,2001-04-03
644,"Rainbow, The",Seattle,WA,USA,1,2001-06-24
645,Rainbow Farm,Vandalia,MI,USA,1,1999-09-05
646,Raleigh Amphitheater,Raleigh,NC,USA,2,2011-09-01
647,Ram's Head Live!,Baltimore,MD,USA,8,2014-08-01
648,Randall's Island,New York,NY,USA,1,2012-07-28
649,Randolph Street Festival,Chicago,IL,USA,1,2000-06-25
650,"Rapids Theatre, The",Niagara Falls,NY,USA,2,2016-06-03
651,"Rave, The",Milwaukee,WI,USA,2,2006-02-10
652,"Rave Bar, The",Milwaukee,WI,USA,1,1999-03-20
653,"Rave Underground, The",Milwaukee,WI,USA,7,2004-10-09
654,Ravinia Festival,Highland Park,IL,USA,2,2015-08-14
655,Recher Theatre,Towson,MD,USA,2,2005-08-26
656,Record Archive,Rochester,NY,USA,1,2011-09-13
657,Red Butte Garden,Salt Lake City,UT,USA,3,2024-06-13
658,Red Hat Amphitheater,Raleigh,NC,USA,3,2018-10-12
659,Red Rocks Amphitheatre,Morrison,CO,USA,34,2024-06-15
660,Redding Civic Auditorium,Redding,CA,USA,1,2024-07-18
661,"Regency Ballroom, The",San Francisco,CA,USA,2,2024-03-22
662,Renaissance Pittsburgh Hotel,Pittsburgh,PA,USA,1,2001-09-08
663,Republic New Orleans,New Orleans,LA,USA,1,2006-04-29
664,Revolution Hall,Troy,NY,USA,2,2008-04-10
665,Revolution Live,Ft. Lauderdale,FL,USA,5,2014-04-10
666,Rialto Theatre,Tucson,AZ,USA,2,2009-09-15
667,RIBCO,Rock Island,IL,USA,2,2001-05-25
668,Ribfest,Naperville,IL,USA,2,2005-07-04
669,Richard's on Richards,Vancouver,BC,Canada,3,2008-10-23
670,Riley Hall,Notre Dame,IN,USA,1,1998-04-17
671,Ripley's Alive,Cincinnati,OH,USA,4,1999-06-26
672,"Ritz, The",Raleigh,NC,USA,7,2024-01-12
673,"Ritz, The",Missoula,MT,USA,1,2001-06-16
674,"Ritz, The",Tampa,FL,USA,1,2018-02-18
675,River Ranch,Tahoe City,CA,USA,1,2003-07-02
676,River Roots Live Music Festival,Davenport,IA,USA,1,2006-09-23
677,River Stage at Penn's Landing,Philadelphia,PA,USA,1,2015-07-18
678,Riverfront Park,North Charleston,SC,USA,2,2019-04-28
679,Riverfront Park,Nashville,TN,USA,1,2013-08-23
680,Riverside Theater,Milwaukee,WI,USA,16,2025-03-08
681,Riverview Music Festival,Chicago,IL,USA,3,2007-08-26
682,"Riviera Theatre, The",Chicago,IL,USA,15,2023-12-31
683,Roanoke Island Festival Park,Outer Banks,NC,USA,1,2022-07-14
684,Robert J. Fischgrund Center for Performing Arts,South Bend,IN,USA,3,2008-09-05
685,Rock Bottom Brewery,Milwaukee,WI,USA,1,1998-09-11
686,Rockne Memorial,Notre Dame,IN,USA,1,2000-04-28
687,Rocks Off Boat Cruise,New York,NY,USA,3,2004-07-16
688,Rococo Theatre,Lincoln,NE,USA,2,2005-11-10
689,Roctopus's Garden,Nashville,TN,USA,3,2021-02-06
690,Romare Bearden Park,Charlotte,NC,USA,1,2019-05-10
691,Ron's Dixon Alternative,Fayetteville,AR,USA,1,2004-09-16
692,"Roost, Dennison University, The",Granville,OH,USA,1,2000-08-30
693,Roseland Ballroom,New York,NY,USA,1,2008-07-24
694,Roseland Theater,Portland,OR,USA,4,2012-03-23
695,Rosemont Theater,Chicago,IL,USA,1,2004-09-01
696,Royal Oak Music Theatre,Royal Oak,MI,USA,1,2009-03-12
697,Rumsey Playfield - Central Park,New York,NY,USA,3,2017-07-07
698,"Ryan Auditorium, Northwestern University",Evanston,IL,USA,1,2003-10-19
699,Ryman Auditorium,Nashville,TN,USA,7,2025-04-05
700,Saenger Theatre,Mobile,AL,USA,1,2014-04-16
701,Salansky Farms,Union Dale,PA,USA,1,2002-08-24
702,"Salt Shed, The",Chicago,IL,USA,1,2024-08-23
703,Salvage Station,Asheville,NC,USA,4,2024-08-31
704,San Juan Room,Durango,CO,USA,1,2001-07-13
705,Saranac Brewery,Utica,NY,USA,7,2023-08-19
706,Satellite Lounge,Houston,TX,USA,1,2002-03-14
707,Saturday In the Park,Sioux City,IA,USA,1,2008-07-05
708,Schubas Tavern,Chicago,IL,USA,8,2002-05-17
709,Seaside Park,Bridgeport,CT,USA,3,2014-08-02
710,SeatGeek Stadium,Bridgeview,IL,USA,5,2022-08-27
711,Seitz Park,South Bend,IN,USA,1,1999-05-01
712,"Senate, The",Columbia,SC,USA,1,2025-02-26
713,Senator Theatre,Chico,CA,USA,1,2006-10-20
714,Senior Bar,Notre Dame,IN,USA,1,1999-02-25
715,Shank Hall,Milwaukee,WI,USA,6,2004-05-27
716,Sharkey's Event Center,Liverpool,NY,USA,1,2025-06-13
717,Shaw's Oyster Fest,Chicago,IL,USA,1,2001-10-19
718,Shedd Aquarium,Chicago,IL,USA,1,2012-12-11
719,Sherman Theater,Stroudsburg,PA,USA,3,2013-10-24
720,Sherpa & Yeti's,Breckenridge,CO,USA,1,2001-04-04
721,Shorefront Park,Patchogue,NY,USA,3,2018-07-14
722,Showbox at the Market,Seattle,WA,USA,11,2024-03-17
723,Showbox SoDo,Seattle,WA,USA,3,2020-02-29
724,"Signal, The",Chattanooga,TN,USA,4,2025-02-28
725,Silverton Casino,Las Vegas,NV,USA,1,2012-03-15
726,Simon Estes Riverfront Amphitheater,Des Moines,IA,USA,4,2014-07-24
727,SiriusXM Studios,New York,NY,USA,2,2018-01-18
728,"Six Rivers Brewery, The",Eureka,CA,USA,1,2003-06-30
729,Sixteen Fifty,Hollywood,CA,USA,1,2002-04-10
730,Skyetop Festival Grounds,Van Etten,NY,USA,1,2005-08-27
731,Skyline Stage - Navy Pier,Chicago,IL,USA,8,2005-09-04
732,Slim's,San Francisco,CA,USA,2,2008-11-01
733,Sloss Furnaces,Birmingham,AL,USA,1,2017-08-17
734,Slowdown,Omaha,NE,USA,2,2011-02-13
735,"Smilefest, Van Hoy Family Campgrounds",Union Grove,NC,USA,2,2004-07-23
736,Smith Opera House,Geneva,NY,USA,1,2008-10-17
737,"Snow Barn, Mt. Snow Ski Resort, The",West Dover,VT,USA,2,2001-02-18
738,Snow Ridge Ski Resort,Turin,NY,USA,4,2012-08-12
739,Snowshoe Mountain Resort,Snowshoe,WV,USA,2,2023-07-13
740,Soho Restaurant and Music Club,Santa Barbara,CA,USA,1,2004-10-25
741,Soldiers Memorial Plaza,St. Louis,MO,USA,1,2008-07-11
742,Somerset Amphitheater,Somerset,WI,USA,2,2014-08-17
743,Sonar,Baltimore,MD,USA,1,2007-07-26
744,Sono Arts Festival,South Norwalk,CT,USA,1,2000-08-05
745,Soo Pass Ranch,Detroit Lakes,MN,USA,3,2009-07-25
746,"Soul Kitchen, The",Mobile,AL,USA,1,2003-04-29
747,Soundcheck Studios,Pembroke,MA,USA,1,2023-08-20
748,Soundstage - WTTW Studios,Chicago,IL,USA,1,2007-08-21
749,South Bend Brewery,South Bend,IN,USA,2,1999-06-06
750,South Works,Chicago,IL,USA,1,2011-07-09
751,"Southgate House, The",Newport,KY,USA,2,2002-06-14
752,Southside Music Hall,Dallas,TX,USA,1,2025-04-26
753,Spirit of Chicago boat cruise,Chicago,IL,USA,1,2003-07-26
754,Spirit of the Suwannee Music Park,Live Oak,FL,USA,20,2024-10-26
755,Spokane Live,Airway Heights,WA,USA,1,2025-03-14
756,Sprint Pavilion,Charlottesville,VA,USA,1,2019-09-20
757,St. Andrews Hall,Detroit,MI,USA,3,2008-06-07
758,St. Augustine Amphitheatre,St. Augustine,FL,USA,7,2022-06-05
759,St. Louis Music Park,Maryland Heights,MO,USA,1,2022-08-19
760,St. Patrick's Park,South Bend,IN,USA,1,1998-04-20
761,Stage AE,Pittsburgh,PA,USA,10,2024-02-01
762,"Stanley Hall, Field Museum of Natural History",Chicago,IL,USA,1,2003-05-15
763,"Star Nursery Fields, Sam Boyd Stadium",Las Vegas,NV,USA,2,2007-10-28
764,"Star Plaza Theatre, The",Meriville,IN,USA,1,2000-08-20
765,"Starfish Room, The",Vancouver,BC,Canada,1,2001-06-22
766,Starland Ballroom,Sayreville,NJ,USA,4,2025-01-30
767,"Starlight, The",Fort Collins,CO,USA,1,2004-02-04
768,Starr Hill Music Hall,Charlottesville,VA,USA,1,2002-02-20
769,"State Fair of West Virginia, The",Lewisburg,WV,USA,1,2023-09-22
770,"State Theatre, The",Ithaca,NY,USA,1,2006-09-28
771,State Theatre,St. Petersburg,FL,USA,1,2007-02-22
772,State Theatre,Portland,ME,USA,9,2024-07-06
773,"State Theatre, The",South Bend,IN,USA,16,2003-12-10
774,"State Theatre, The",State College,PA,USA,3,2013-10-21
775,"State Theatre, The",Falls Church,VA,USA,4,2003-11-15
776,Stateside Amphitheater at Jay Peak Resort,Jay,VT,USA,1,2015-06-19
777,SteelStacks Campus,Bethlehem,PA,USA,1,2011-09-04
778,Stella Blue,Asheville,NC,USA,2,2002-10-08
779,Stepan Center,Notre Dame,IN,USA,2,1999-01-28
780,"Stone Pony, The",Asbury Park,NJ,USA,3,2023-08-17
781,Stone Pony Summerstage,Asbury Park,NJ,USA,11,2024-08-28
782,"Stones Throw, The",Eau Claire,WI,USA,1,2004-02-29
783,"Strand, The",Providence,RI,USA,1,2018-05-18
784,Stubb's BBQ,Austin,TX,USA,11,2025-04-27
785,Studio C,Boulder,CO,USA,2,2005-02-25
786,"Studio Hall, University of Wisconsin",Oshkosh,WI,USA,1,2003-10-17
787,Studio Z,San Francisco,CA,USA,1,2003-07-09
788,Subterranean,Chicago,IL,USA,1,1999-09-24
789,Sumtur Amphitheater,Omaha,NE,USA,3,2015-06-25
790,Sunshine Festival,Crown Point,IN,USA,1,1999-08-21
791,Super Bowl Village,Indianapolis,IN,USA,1,2012-02-04
792,"Sylvee, The",Madison,WI,USA,3,2024-04-11
793,Symphony Park at SouthPark Mall,Charlotte,NC,USA,1,2017-08-10
794,"Tabernacle, The",Atlanta,GA,USA,23,2018-12-31
795,Taft Theatre,Cincinnati,OH,USA,8,2019-01-19
796,Tag's Summer Stage,Big Flats,NY,USA,1,2010-07-11
797,Taste of Bloomington,Bloomington,IN,USA,1,2003-06-21
798,Taste of Chicago,Chicago,IL,USA,1,2007-07-06
799,Taylor's,Eugene,OR,USA,1,2001-06-29
800,TCU Amphitheater at White River State Park,Indianapolis,IN,USA,2,2022-08-18
801,Telluride Blues & Brews Festival,Telluride,CO,USA,2,2009-09-19
802,Tempe Beach Park & Arts Park,Tempe,AZ,USA,1,2023-02-26
803,Temple Bar,Santa Monica,CA,USA,1,2001-07-09
804,"Temple Club, The",Lansing,MI,USA,6,2005-04-06
805,Tennessee Theatre,Knoxville,TN,USA,6,2018-08-19
806,"Terrace, University of Wisconsin, The",Madison,WI,USA,3,2003-06-19
807,Terrapin Crossroads,San Rafael,CA,USA,1,2017-03-12
808,Thai Joe's,Milwaukee,WI,USA,1,1999-05-22
809,Theater of Living Arts,Philadelphia,PA,USA,6,2008-07-25
810,"Theatre at Madison Square Garden, The",New York,NY,USA,1,2005-04-26
811,Theatre at Westbury,Westbury,NY,USA,1,2010-08-05
812,Third Base Field House - University of Iowa,Iowa City,IA,USA,1,2004-09-07
813,Thomas Wolfe Auditorium,Asheville,NC,USA,2,2014-02-14
814,Thompson's Point,Portland,ME,USA,1,2022-06-11
815,Three Rivers Music Festival,Columbia,SC,USA,1,2003-04-05
816,Three Sisters Park,Chillicothe,IL,USA,70,2024-05-25
817,Thursday's,Victoria,BC,Canada,1,2001-06-21
818,Time Warner Uptown Amphitheatre,Charlotte,NC,USA,1,2013-08-28
819,Tipitina's,New Orleans,LA,USA,1,2002-03-13
820,Tipitina's Uptown,New Orleans,LA,USA,3,2005-04-30
821,Toad's Place,New Haven,CT,USA,4,2009-04-05
822,Toad's Place,Richmond,VA,USA,1,2007-10-16
823,Tongue-N-Groove,San Francisco,CA,USA,1,2001-07-03
824,Tower Records (Columbus),San Francisco,CA,USA,1,2006-04-15
825,"Tower Theatre, The",Upper Darby,PA,USA,1,2014-08-09
826,"Town Ballroom, The",Buffalo,NY,USA,9,2023-06-29
827,Track 29,Chattanooga,TN,USA,3,2015-02-05
828,"Tractor Tavern, The",Seattle,WA,USA,1,2002-04-21
829,Train Hopper's,Oklahoma City,OK,USA,1,2003-04-23
830,Trancegression Festival,Copper Mountain,CO,USA,2,2007-07-15
831,Transilvania Club,Milan,,Italy,1,2006-03-15
832,Tree's,Dallas,TX,USA,1,2003-04-24
833,Treefort Music Hall,Boise,ID,USA,2,2025-03-15
834,Trilogy,Boulder,CO,USA,1,2001-04-06
835,Truckee Park Amphitheater,Truckee,CA,USA,1,2007-06-08
836,"Truman, The",Kansas City,MO,USA,1,2021-11-11
837,Tulagi's,Boulder,CO,USA,1,2001-07-14
838,Turner's Landing,South Bend,IN,USA,1,1998-04-25
839,Turner's American,South Bend,IN,USA,1,1998-05-16
840,Tuscaloosa Amphitheater,Tuscaloosa,AL,USA,2,2016-09-15
841,Tweeter Center for the Performing Arts,Mansfield,MA,USA,1,2005-07-23
842,Twist & Shout,Denver,CO,USA,1,2004-09-30
843,U.S. Cellular Center,Asheville,NC,USA,1,2015-02-07
844,U.S. Cellular Field,Chicago,IL,USA,3,2009-06-08
845,UC Patio - University of Miami,Coral Gables,FL,USA,1,2009-03-07
846,"Union Bar, The",Iowa City,IA,USA,6,2004-02-10
847,Union Park,Chicago,IL,USA,3,2016-09-04
848,United Center,Chicago,IL,USA,1,2016-12-28
849,University of Alabama,Tuscaloosa,AL,USA,1,2012-08-24
850,University of the South,Sewanee,TN,USA,1,2010-04-23
851,Up North Festival,Hiram,ME,USA,1,2008-08-09
852,Upstate Concert Hall,Clifton Park,NY,USA,1,2014-02-06
853,Val Air Ballroom,West Des Moines,IA,USA,1,2005-11-09
854,"Valarium, The",Knoxville,TN,USA,1,2010-09-23
855,Variety Playhouse,Atlanta,GA,USA,10,2022-04-29
856,Varsity Theatre,Baton Rouge,LA,USA,2,2011-10-26
857,Venetian Festival,St. Joseph,MI,USA,1,1999-07-18
858,"Venue, The",Fargo,ND,USA,2,2013-02-06
859,Verizon Wireless Amphitheater,Bonner Springs,KS,USA,1,2007-08-28
860,Verizon Wireless Amphitheatre,Alpharetta,GA,USA,2,2016-09-16
861,Verizon Wireless Music Center,Noblesville,IN,USA,2,2007-08-18
862,Veterans Memorial Hall,Santa Cruz,CA,USA,1,2002-07-13
863,"Vibe, The",Austin,TX,USA,5,2004-04-29
864,"Vic Theatre, The",Chicago,IL,USA,12,2022-08-25
865,Villa Marco,Marrakesh,,Morocco,4,2025-04-20
866,Vintage Vinyl,St. Louis,MO,USA,1,2011-12-29
867,Vinyl Music Hall,Pensacola,FL,USA,2,2025-05-29
868,"VIP Room, The",South Bend,IN,USA,1,1998-10-01
869,Virginia Beach Amphitheater,Virginia Beach,VA,USA,1,2006-07-04
870,Virginia Credit Union Live!,Richmond,VA,USA,1,2019-07-19
871,"Visulite Theater, The",Charlotte,NC,USA,1,2002-02-28
872,"Vogue Theatre, The",Indianapolis,IN,USA,11,2004-06-08
873,Waldo's,Klamath Falls,OR,USA,1,2002-04-17
874,War Memorial Auditorium,Nashville,TN,USA,2,2011-02-18
875,"Warehouse, The",Tallahassee,FL,USA,1,2002-03-05
876,"Warfield, The",San Francisco,CA,USA,1,2008-10-31
877,"Warhouse, The",Indianapolis,IN,USA,1,1998-06-05
878,Water Street Music Hall,Rochester,NY,USA,5,2012-10-18
879,Waterfront Park,Burlington,VT,USA,1,2014-08-07
880,Waterfront Park,Louisville,KY,USA,2,2010-07-10
881,"Webster Theater, The",Hartford,CT,USA,1,2005-09-15
882,Weed Street Summer Fest,Chicago,IL,USA,3,2002-06-29
883,"Weesner Family Amphitheater, Minnesota Zoo",Apple Valley,MN,USA,3,2008-07-06
884,Wells Street Arts Fest,Chicago,IL,USA,1,2001-06-10
885,"Westcott Theater, The",Syracuse,NY,USA,1,2010-03-03
886,Western Gateway Park,Des Moines,IA,USA,1,2013-07-06
887,Westfair Amphitheatre,Council Bluffs,IA,USA,1,2008-07-12
888,Westgate Las Vegas Resort & Casino,Las Vegas,NV,USA,1,2024-09-13
889,Westport Outdoors,Kansas City,MO,USA,1,2006-06-02
890,Westville Music Bowl,New Haven,CT,USA,2,2021-05-08
891,Wetlands Preserve,New York,NY,USA,5,2001-02-19
892,WGN Studios,Chicago,IL,USA,1,2004-05-04
893,Whiskey Roadhouse,Council Bluffs,IA,USA,1,2009-09-02
894,Whistler Village,Whistler,BC,Canada,1,2006-04-16
895,Wild Creek,Winter Park,CO,USA,1,2002-07-19
896,"Wild Duck Music Hall, The",Eugene,OR,USA,2,2002-07-10
897,Willow Island at Alliant Energy Center,Madison,WI,USA,1,2008-07-10
898,"Wilma Theatre, The",Missoula,MT,USA,10,2023-09-15
899,"Wiltern, The",Los Angeles,CA,USA,6,2019-03-02
900,Wind Creek Event Center,Bethlehem,PA,USA,1,2023-01-15
901,"Windjammer, The",Isle of Palms,SC,USA,5,2025-05-23
902,Wings Event Center,Kalamazoo,MI,USA,3,2018-02-03
903,Winston's,San Diego,CA,USA,1,2001-07-10
904,Witz End,Stevens Point,WI,USA,1,2003-10-15
905,WNYC Studios,New York,NY,USA,1,2018-01-18
906,Woodbury Ski Area,Woodbury,CT,USA,1,2003-06-08
907,"Woodlands Nature Reserve, The",Charleston,SC,USA,2,2019-11-09
908,Woodward Festival,Titusville,PA,USA,1,2001-09-22
909,Wooly's,Des Moines,IA,USA,2,2013-07-06
910,WorkPlay Soundstage,Birmingham,AL,USA,7,2012-09-19
911,Workplay Theatre,Birmingham,AL,USA,3,2006-05-01
912,WOW Hall,Eugene,OR,USA,2,2005-05-11
913,Wrapped In the Round,Chicago,IL,USA,3,2020-09-03
914,Wright's Landing,Plymouth,IN,USA,1,2002-06-01
915,WTTW Studios,Chicago,IL,USA,1,2006-08-03
916,XM Studios,Washington,DC,USA,2,2006-05-04
917,Xtreamz,South Bend,IN,USA,3,1998-03-19
918,Youth Building at Exposition Gardens,Peoria,IL,USA,1,2009-10-10
919,"ZBT House, Northwestern University",Evanston,IL,USA,1,2001-05-19
920,Zephyr,Salt Lake City,UT,USA,1,2002-07-16
921,Ziggy's,Winston-Salem,NC,USA,5,2014-04-02
922,Zilker Park,Austin,TX,USA,1,2012-10-12
923,Zydeco,Birmingham,AL,USA,3,2003-10-03
