venueid,venue,city,state,country
1,Meadows Music Theatre,Hartford,CT,USA
2,Nectar's,Burlington,VT,USA
3,Alpine Valley Music Theatre,East Troy,WI,USA
4,Verizon Wireless Music Center,Noblesville,IN,USA
5,Cayuga County Fairgrounds,Weedsport,NY,USA
6,Hampton Coliseum,Hampton,VA,USA
7,Harris-Millis Cafeteria - University of Vermont,Burlington,VT,USA
9,Merriweather Post Pavilion,Columbia,MD,USA
10,Hunt's,Burlington,VT,USA
11,The Grey Hall,Copenhagen,,Denmark
12,Zeleste,Barcelona,,Spain
13,Gallagher's,Waitsfield,VT,USA
14,"Thompson Gym, Phillips Exeter Academy",Exeter,NH,USA
15,"Webster Hall, Dartmouth College",Hanover,NH,USA
16,The Flynn Theatre,Burlington,VT,USA
17,The Metropolis,"MontrÃ©al, QuÃ©bec",,Canada
18,Concert Hall,"Toronto, Ontario",,Canada
19,"Recreation Hall, Penn State University",State College,PA,USA
20,Tree Cafe,Portland,ME,USA
21,The Front,Burlington,VT,USA
22,Broome County Veterans Memorial Arena,Binghamton,NY,USA
23,"Alumni Arena, SUNY Buffalo",Buffalo,NY,USA
24,The Haunt,Ithaca,NY,USA
25,The Georgia Theatre,Athens,GA,USA
26,"Snively Arena, University of New Hampshire",Durham,NH,USA
27,Myskyn's,Charleston,SC,USA
28,Chameleon Club,Lancaster,PA,USA
29,23 East Cabaret,Ardmore,PA,USA
30,WNEW Studios,New York,NY,USA
31,Beacon Theatre,New York,NY,USA
32,The Living Room,Providence,RI,USA
33,The Paradise,Boston,MA,USA
34,"Mullins Center, University of Massachusetts",Amherst,MA,USA
35,"Patriot Center, George Mason University",Fairfax,VA,USA
36,"Bob Carpenter Center, University of Delaware",Newark,DE,USA
37,Virginia Horse Center,Lexington,VA,USA
38,Lawrence Joel Veterans Memorial Coliseum,Winston-Salem,NC,USA
39,Township Auditorium,Columbia,SC,USA
40,The Fox Theatre,Atlanta,GA,USA
41,"Student Union Ballroom, University of Massachusetts",Amherst,MA,USA
42,"Mabel Brown Room, Keene State College",Keene,NH,USA
43,"Dining Center, Haverford College",Haverford,PA,USA
44,The Bayou,Washington,DC,USA
45,8x10 Club,Baltimore,MD,USA
46,69 Grant Street,Burlington,VT,USA
47,Toad's Place,New Haven,CT,USA
48,The Chance,Poughkeepsie,NY,USA
49,Cat's Cradle,Chapel Hill,NC,USA
50,Red Rocks Amphitheatre,Morrison,CO,USA
51,Orange County Fairgrounds,Middletown,NY,USA
52,"Clark University Pub, Clark University",Worcester,MA,USA
53,The Oronoka Restaurant and Hotel,Orono,ME,USA
54,Unknown Venue,Unknown,,USA
55,Greenstreets,Columbia,SC,USA
56,The Jade Elephant,Richmond,VA,USA
57,Stache's,Columbus,OH,USA
58,Canal Street Tavern,Dayton,OH,USA
59,"Der Rathskeller, Memorial Union, University of Wisconsin",Madison,WI,USA
60,Fly Me to the Moon Saloon,Telluride,CO,USA
61,The Pub House,Poultney,VT,USA
62,Thunderbird's,Portland,ME,USA
63,The Old Post Office,Hilton Head,SC,USA
64,The Barrel House,Salem,VA,USA
65,The Ranch,Shelburne,VT,USA
66,The Red Barn,Hinesburg,VT,USA
67,Trax,Charlottesville,VA,USA
68,The Pterodactyl Club,Charlotte,NC,USA
69,Solomon's,Tuscaloosa,AL,USA
70,Tipitina's,New Orleans,LA,USA
71,Liberty Lunch,Austin,TX,USA
72,The Showbar,Houston,TX,USA
73,Rhythm Room,Dallas,TX,USA
74,The Cabooze,Minneapolis,MN,USA
75,Lounge Ax,Chicago,IL,USA
76,The Inferno,Steamboat Springs,CO,USA
77,The Music Hall,Portsmouth,NH,USA
78,The Colonial Theatre,Keene,NH,USA
79,The Wetlands Preserve,New York,NY,USA
80,"Field House, University of New Hampshire",Durham,NH,USA
81,Aiko's,Saratoga Springs,NY,USA
82,Stadio Briamasco,Trento,,Italy
83,Stadio Olimpico,Rome,,Italy
84,Piazza del Duomo,Pistoia,,Italy
85,Parco Aquatica,Milan,,Italy
86,Centre International,Deauville,,France
87,Le Zenith,Paris,,France
88,Dour Festival,Dour,,Belgium
89,Theatre Antique,Vienne,,France
90,Les ArÃ¨nes d'Arles,Arles,,France
91,Tanzbrunnen,Cologne,,Germany
92,The Music Hall,Hanover,,Germany
93,Stadtpark,Hamburg,,Germany
94,"Lengyel Gym, University of Maine",Orono,ME,USA
95,Campus Club,Providence,RI,USA
96,Roseland Ballroom,New York,NY,USA
97,"Lisner Auditorium, George Washington University",Washington,DC,USA
98,Palace Theatre,New Haven,CT,USA
99,Broome County Forum,Binghamton,NY,USA
100,Chestnut Cabaret,Philadelphia,PA,USA
101,Cultural Center Auditorium,Charleston,WV,USA
102,Flood Zone,Richmond,VA,USA
103,Ziggy's,Winston-Salem,NC,USA
104,1313 Club,Charlotte,NC,USA
105,Variety Playhouse,Atlanta,GA,USA
106,Mississippi Nights,St. Louis,MO,USA
107,The Blue Note,Columbia,MO,USA
108,Liberty Hall,Lawrence,KS,USA
109,"Sawatch Hall, Park Hyatt Beaver Creek",Avon,CO,USA
110,"Balch Fieldhouse, University of Colorado",Boulder,CO,USA
111,The Fox Theatre,Boulder,CO,USA
112,"Paul Wright Gym, Western State College",Gunnison,CO,USA
113,Grady Cole Center,Charlotte,NC,USA
114,Civic Auditorium,Knoxville,TN,USA
115,Purple Dragon Recording Studios,Atlanta,GA,USA
116,SunFest,West Palm Beach,FL,USA
117,Boatyard Village Pavilion,Clearwater,FL,USA
118,The Edge Concert Field,Orlando,FL,USA
119,"Fine Arts Auditorium, Fort Lewis College",Durango,CO,USA
120,El Rey Theater,Albuquerque,NM,USA
121,"Arizona Ballroom, University of Arizona Student Union",Tucson,AZ,USA
122,After the Gold Rush,Tempe,AZ,USA
123,Variety Arts Center,Los Angeles,CA,USA
124,Anaconda Theatre,Isla Vista,CA,USA
125,Five Points South Music Hall,Birmingham,AL,USA
126,Starwood Amphitheatre,Antioch,TN,USA
127,State Palace Theatre,New Orleans,LA,USA
128,Tower Theater,Houston,TX,USA
129,The Bomb Factory,Dallas,TX,USA
130,The Backyard,Bee Cave,TX,USA
131,Paolo Soleri Amphitheatre,Santa Fe,NM,USA
132,Buena Vista Theater,Tucson,AZ,USA
133,Hayden Square,Tempe,AZ,USA
134,"Montezuma Hall, San Diego State University",San Diego,CA,USA
135,The Wiltern Theatre,Los Angeles,CA,USA
136,The Arlington Theatre,Santa Barbara,CA,USA
137,Warfield Theatre,San Francisco,CA,USA
138,"Wilbur Field, Stanford University",Palo Alto,CA,USA
139,The Catalyst,Santa Cruz,CA,USA
140,Redwood Acres Fairgrounds,Eureka,CA,USA
141,Hilton Ballroom,Eugene,OR,USA
142,Oz Nightclub,Seattle,WA,USA
143,Roseland Theater,Portland,OR,USA
144,"Campus Recreation Center, Evergreen College",Olympia,WA,USA
145,First Avenue,Minneapolis,MN,USA
146,Barrymore Theatre,Madison,WI,USA
147,The Rave,Milwaukee,WI,USA
148,"Quigley's, University of Colorado",Boulder,CO,USA
149,"The Clarke Memorial Fountain, Notre Dame University",Notre Dame,IN,USA
150,Woodbury Ski & Racquet Club,Woodbury,CT,USA
151,Boston World Trade Center Exhibition Hall,Boston,MA,USA
152,Cabaret Metro,Chicago,IL,USA
153,Theatre de Verdure,Nice,,France
154,The Forum,NÃ¼remberg,,Germany
155,Markthalle,Hamburg,,Germany
156,Marine Midland Arena,Buffalo,NY,USA
157,Madison Square Garden,New York,NY,USA
158,Target Center,Minneapolis,MN,USA
159,Michigan State University Union Ballroom,East Lansing,MI,USA
160,Bogart's,Cincinnati,OH,USA
161,St. Andrew's Hall,Detroit,MI,USA
162,The Agora Theatre,Cleveland,OH,USA
163,The Riviera Theatre,North Tonawanda,NY,USA
164,The Syracuse Armory,Syracuse,NY,USA
165,"Campus Pond, University of Massachusetts",Amherst,MA,USA
166,St. Lawrence University,Canton,NY,USA
167,The Capitol Theatre,Port Chester,NY,USA
168,Portland Expo,Portland,ME,USA
169,Providence Performing Arts Center,Providence,RI,USA
170,"Beta Theta Pi Frat House Party, Denison University",Granville,OH,USA
171,Melkweg,Amsterdam,,Netherlands
172,Hilton Coliseum,Ames,IA,USA
173,The Cow Palace,Daly City,CA,USA
174,Auditorium Theatre,Rochester,NY,USA
175,Smith Opera House,Geneva,NY,USA
176,Haas Center for the Arts,Bloomsburg,PA,USA
177,Mid-Hudson Civic Center,Poughkeepsie,NY,USA
178,"Memorial Hall, University of North Carolina",Chapel Hill,NC,USA
179,J.J. McCabe's,Boulder,CO,USA
180,El Dorado CafÃ©,Crested Butte,CO,USA
182,The Library,Richmond,VA,USA
183,Jack McConnell's House,Hilton Head,SC,USA
184,Pista Speedway,Lonigo,,Italy
185,"Silva Concert Hall, Hult Center for the Performing Arts",Eugene,OR,USA
186,FleetCenter,Boston,MA,USA
187,Benton Convention Center,Winston-Salem,NC,USA
188,Herman's Hideaway,Denver,CO,USA
189,Lonestar Roadhouse,New York,NY,USA
190,The Orpheum Theatre,Boston,MA,USA
191,"Achilles Rink, Union College",Schenectady,NY,USA
192,Waldbuhne,Northeim,,Germany
193,Philipshalle,DÃ¼sseldorf,,Germany
194,Resi,NÃ¼remberg,,Germany
195,Roskilde Festival,Roskilde,,Denmark
196,Elysee Montmartre,Paris,,France
197,Ancienne Belgique,Brussels,,Belgium
198,Brixton Academy,London,,England
199,Boulder Theater,Boulder,CO,USA
200,"Ramskeller, Colorado State University",Fort Collins,CO,USA
201,"Canyon West Room, Lincoln Center",Fort Collins,CO,USA
202,Earlham College,Richmond,IN,USA
203,Somerville Theatre,Somerville,MA,USA
204,Clement's Brew Pub,Syracuse,NY,USA
205,Shepherd's Bush Empire,London,,England
206,La Marna,Sesto Calende,,Italy
207,"Cutler Quad, Colorado College",Colorado Springs,CO,USA
208,Cumberland County Civic Center,Portland,ME,USA
209,Empire Court,Syracuse,NY,USA
210,Garden State Arts Center,Holmdel,NJ,USA
211,Jones Beach Amphitheater,Wantagh,NY,USA
212,The Boathouse,Norfolk,VA,USA
213,The Mann Center for the Performing Arts,Philadelphia,PA,USA
214,Great Woods Center for the Performing Arts,Mansfield,MA,USA
215,Holman Stadium,Nashua,NH,USA
216,The Band House,Winooski,VT,USA
217,MTV Studios,New York,NY,USA
218,Stowe Performing Arts Center,Stowe,VT,USA
219,Big Birch Concert Pavilion,Patterson,NY,USA
220,Saratoga Performing Arts Center,Saratoga Springs,NY,USA
221,Finger Lakes Performing Arts Center,Canandaigua,NY,USA
222,Meadow Brook Music Festival,Rochester Hills,MI,USA
223,Blossom Music Center,Cuyahoga Falls,OH,USA
224,Poplar Creek Music Center,Hoffman Estates,IL,USA
225,Riverport Amphitheater,Maryland Heights,MO,USA
226,"Reception Hall, SwissÃ´tel",Boston,MA,USA
227,"Studio 8H, NBC Studios",New York,NY,USA
228,Ed Sullivan Theater,New York,NY,USA
229,Great Western Forum,Inglewood,CA,USA
230,Thomas & Mack Center,Las Vegas,NV,USA
231,"Dionysus Club, The 'Sco, Oberlin College",Oberlin,OH,USA
232,The Strand Theater,Dorchester,MA,USA
233,Pearl Street Ballroom,Northampton,MA,USA
234,Electric Ballroom,Knoxville,TN,USA
235,Roxy Theatre,Atlanta,GA,USA
236,Pepsi Center,Denver,CO,USA
237,Allstate Arena,Rosemont,IL,USA
238,U.S. Bank Arena,Cincinnati,OH,USA
239,Continental Airlines Arena,East Rutherford,NJ,USA
240,First Union Spectrum,Philadelphia,PA,USA
241,Worcester Centrum Centre,Worcester,MA,USA
242,Nassau Veterans Memorial Coliseum,Uniondale,NY,USA
243,Greensboro Coliseum,Greensboro,NC,USA
244,Cricket Pavilion,Phoenix,AZ,USA
245,Coors Amphitheatre,Chula Vista,CA,USA
246,"Slade Hall, University of Vermont",Burlington,VT,USA
247,Shoreline Amphitheatre,Mountain View,CA,USA
248,Gorge Amphitheatre,George,WA,USA
249,The Moon,Tallahassee,FL,USA
250,USANA Amphitheatre,West Valley City,UT,USA
251,The Cameo Theatre,Miami Beach,FL,USA
252,Verizon Wireless Amphitheater Kansas City,Bonner Springs,KS,USA
253,Ritz Theatre,Tampa,FL,USA
254,Florida Theatre,Gainesville,FL,USA
255,Deep Ellum Live,Dallas,TX,USA
256,Sweeney Center,Santa Fe,NM,USA
257,Pike's Peak Center,Colorado Springs,CO,USA
258,Dobson Arena,Vail,CO,USA
259,Celebrity Theatre,Phoenix,AZ,USA
260,The Palace,Hollywood,CA,USA
261,Verizon Wireless Amphitheatre - Charlotte,Charlotte,NC,USA
262,HiFi Buys Amphitheatre,Atlanta,GA,USA
263,The Greek Theatre,Redlands,CA,USA
264,Ventura Theatre,Ventura,CA,USA
265,Crest Theatre,Sacramento,CA,USA
266,Luther Burbank Center for the Arts,Santa Rosa,CA,USA
267,ALLTEL Pavilion,Raleigh,NC,USA
268,Post-Gazette Pavilion at Star Lake,Burgettstown,PA,USA
269,Tweeter Center at the Waterfront,Camden,NJ,USA
270,Loring Commerce Centre,Limestone,ME,USA
271,Wachovia Spectrum,Philadelphia,PA,USA
272,"Marsh / Austin / Tupper Dormitory, University of Vermont",Burlington,VT,USA
273,Pepsi Arena,Albany,NY,USA
274,American Airlines Arena,Miami,FL,USA
275,Radio City Music Hall,New York,NY,USA
276,Santa Cruz Civic Auditorium,Santa Cruz,CA,USA
277,"Patrick Gymnasium, University of Vermont",Burlington,VT,USA
278,Higher Ground,Winooski,VT,USA
279,Hard Rock Cafe,Boston,MA,USA
280,"East Gym, Humboldt State University",Arcata,CA,USA
281,Mt. Baker Theatre,Bellingham,WA,USA
282,86th Street Music Hall,"Vancouver, British Columbia",,Canada
283,HUB Ballroom,Seattle,WA,USA
284,The Wang Center,Boston,MA,USA
285,State Theatre,Minneapolis,MN,USA
286,Aragon Ballroom,Chicago,IL,USA
287,Commodore Ballroom,"Vancouver, British Columbia",,Canada
288,Rosemont Horizon,Rosemont,IL,USA
289,Greek Theatre,Los Angeles,CA,USA
290,The Coach House,San Juan Capistrano,CA,USA
291,Pima County Fairgrounds,Tucson,AZ,USA
292,Pan American Center,Las Cruces,NM,USA
293,"Colorado State Fair, Pueblo State Fairgrounds",Pueblo,CO,USA
294,Gerald Ford Amphitheater,Vail,CO,USA
295,The Downs,Santa Fe,NM,USA
296,Santa Barbara Bowl,Santa Barbara,CA,USA
297,Concord Pavilion,Concord,CA,USA
298,Cal Expo Amphitheater,Sacramento,CA,USA
299,Boston Garden,Boston,MA,USA
300,"Ross Arena, St. Michael's College",Colchester,VT,USA
301,Gov. Tom McCall Waterfront Park,Portland,OR,USA
302,Palace Theatre,Albany,NY,USA
303,"Iowa Memorial Union Main Lounge, University of Iowa",Iowa City,IA,USA
304,"Pritchard Gym, SB Sports Complex, SUNY Stony Brook",Stony Brook,NY,USA
305,Memorial Hall,Kansas City,KS,USA
306,"Bailey Hall, Cornell University",Ithaca,NY,USA
307,American Theater,St. Louis,MO,USA
308,Keswick Theatre,Glenside,PA,USA
309,The Macauley Theater,Louisville,KY,USA
310,Michigan Theater,Ann Arbor,MI,USA
311,Newport Music Hall,Columbus,OH,USA
312,"Cotterell Court, Reid Athletic Center, Colgate University",Hamilton,NY,USA
313,"Cheel Arena, Clarkson University",Potsdam,NY,USA
314,"Kuhl Gym, SUNY Geneseo",Geneseo,NY,USA
315,Le Spectrum,"MontrÃ©al, QuÃ©bec",,Canada
316,"Sports Center, University of Hartford",West Hartford,CT,USA
317,Tower Theatre,Upper Darby,PA,USA
318,State Theatre,New Brunswick,NJ,USA
319,Bangor Auditorium,Bangor,ME,USA
320,Metropol,Pittsburgh,PA,USA
321,"Livingston Gymnasium, Denison University",Granville,OH,USA
322,The Vic Theatre,Chicago,IL,USA
323,Hamilton College,Clinton,NY,USA
324,"The Upper, St. Paul's School",Concord,NH,USA
325,The Brewery,Raleigh,NC,USA
326,The Cotton Club,Atlanta,GA,USA
327,The Moore Theatre,Seattle,WA,USA
328,Vogue Theatre,"Vancouver, British Columbia",,Canada
329,Civic Auditorium,Portland,OR,USA
330,Townshend Family Park,Townshend,VT,USA
331,Wendell Recording Studio,Wendell,MA,USA
332,Wesleyan University,Middletown,CT,USA
333,Laguna Seca Raceway,Monterey,CA,USA
334,"Robert Crown Center, Hampshire College",Amherst,MA,USA
335,The Marquee,New York,NY,USA
336,Triad Amphitheater,Salt Lake City,UT,USA
337,"Skidmore Gymnasium, Skidmore College",Saratoga Springs,NY,USA
338,Club Bene,Sayreville,NJ,USA
339,Plattsburgh Air Force Base,Plattsburgh,NY,USA
340,"Armstrong Hall, Colorado College",Colorado Springs,CO,USA
341,"Glenn Miller Ballroom, University of Colorado",Boulder,CO,USA
342,Fort Ram,Fort Collins,CO,USA
343,"The Great Hall, University of Wisconsin",Madison,WI,USA
344,Doolin's,Burlington,VT,USA
345,Private Party,Burlington,VT,USA
346,Finbar's,Burlington,VT,USA
347,Goddard College,Plainfield,VT,USA
348,University of Vermont,Burlington,VT,USA
349,WRUV Radio,Burlington,VT,USA
350,Memorial Auditorium Basement,Burlington,VT,USA
351,The Filene Center at Wolf Trap,Vienna,VA,USA
352,IC Light Amphitheater,Pittsburgh,PA,USA
353,Pier Six Concert Pavilion,Baltimore,MD,USA
354,Waterloo Village,Stanhope,NJ,USA
355,Classic Amphitheater,Richmond,VA,USA
356,Tennessee Theatre,Knoxville,TN,USA
357,The Veranda at Starwood,Antioch,TN,USA
358,Masquerade Music Park,Atlanta,GA,USA
359,Bayfront Park Amphitheater,Miami,FL,USA
360,Cincinnati Zoo Peacock Pavilion,Cincinnati,OH,USA
361,Darien Lake Performing Arts Center,Darien Center,NY,USA
362,Nautica Stage,Cleveland,OH,USA
363,Eastbrook Theatre,Grand Rapids,MI,USA
364,Murat Theatre,Indianapolis,IN,USA
365,World Music Theatre,Tinley Park,IL,USA
366,Civic Center,Des Moines,IA,USA
367,Eagles Ballroom,Milwaukee,WI,USA
368,"UIC Pavilion, University of Illinois",Chicago,IL,USA
369,Saltair Pavilion,Salt Lake City,UT,USA
370,Paramount Theatre,Seattle,WA,USA
371,Arlene Schnitzer Concert Hall,Portland,OR,USA
372,"William Randolph Hearst Greek Theatre, University of California, Berkeley ",Berkeley,CA,USA
373,"Bender Arena, American University",Washington,DC,USA
374,New Haven Veterans Memorial Coliseum,New Haven,CT,USA
375,Sonic Studios,Philadelphia,PA,USA
376,Fantasy Studios,Berkeley,CA,USA
377,Key Club,Los Angeles,CA,USA
378,On Air East,"Shibuya-ku, Tokyo",,Japan
379,Zepp,"Koto-ku, Tokyo",,Japan
380,Hibiya Outdoor Theatre,"Chiyoda-ku, Tokyo",,Japan
381,Club Quattro,"Naka-ku, Nagoya",,Japan
382,Drum Logos,"Chuo-ku, Fukuoka",,Japan
383,Big Cat,"Chuo-ku, Osaka",,Japan
384,Zepp,"Suminoe-ku, Osaka",,Japan
385,"NBC Television Studios, Studio 6A",New York,NY,USA
386,Molson Amphitheatre,"Toronto, Ontario",,Canada
387,Polaris Amphitheater,Columbus,OH,USA
388,"KLRU Studios, University of Texas",Austin,TX,USA
389,Hersheypark Stadium,Hershey,PA,USA
390,Riverbend Music Center,Cincinnati,OH,USA
391,Fiddler's Green,Englewood,CO,USA
392,NBC Studios,Burbank,CA,USA
393,Verizon Wireless Amphitheater,Irvine,CA,USA
394,The Barn,Outer Burlington,VT,USA
395,AmSouth Amphitheatre,Antioch,TN,USA
396,Lakewood Amphitheatre,Atlanta,GA,USA
397,ALLTEL Pavilion at Walnut Creek,Raleigh,NC,USA
398,PNC Bank Arts Center,Holmdel,NJ,USA
399,E Centre,Camden,NJ,USA
400,Star Lake Amphitheatre,Burgettstown,PA,USA
401,Deer Creek Music Center,Noblesville,IN,USA
402,Tweeter Center,Mansfield,MA,USA
403,Sandstone Amphitheatre,Bonner Springs,KS,USA
404,Desert Sky Pavilion,Phoenix,AZ,USA
405,First American Music Center,Antioch,TN,USA
406,Blockbuster Pavilion,Charlotte,NC,USA
407,GTE Virginia Beach Amphitheater,Virginia Beach,VA,USA
408,Oswego County Airport,Volney,NY,USA
409,Naeba Ski Resort,Niigata,,Japan
410,Chris Kuroda's Wedding,Stowe,VT,USA
411,GM Place,"Vancouver, British Columbia",,Canada
412,Portland Meadows,Portland,OR,USA
413,Boise State University Pavilion,Boise,ID,USA
414,Irvine Meadows,Irvine,CA,USA
415,South Park Meadows,Austin,TX,USA
416,Cynthia Woods Mitchell Pavilion,The Woodlands,TX,USA
417,"Kiefer UNO Lakefront Arena, University of New Orleans",New Orleans,LA,USA
418,Oak Mountain Amphitheatre,Pelham,AL,USA
419,Pyramid Arena,Memphis,TN,USA
420,"Redbird Arena, Illinois State University",Normal,IL,USA
421,The Palace of Auburn Hills,Auburn Hills,MI,USA
422,Boston Harbor,Boston,MA,USA
423,Private Party,Johnson,VT,USA
424,"Haybarn Theater, Goddard College",Plainfield,VT,USA
425,Firstar Center,Cincinnati,OH,USA
426,"Sculpture Room, Goddard College",Plainfield,VT,USA
427,"Marsh Hall Dining Room, University of Vermont",Burlington,VT,USA
428,The Ranch,South Burlington,VT,USA
429,BlueCross Arena,Rochester,NY,USA
431,Ian McLean's Farm,Hebron,NY,USA
432,Mad Maggie's Farm,Monkton,VT,USA
433,Johnson State College,Johnson,VT,USA
434,"Billings Lounge, University of Vermont",Burlington,VT,USA
436,"Collis Center, Dartmouth College",Hanover,NH,USA
437,Vergennes Day,Vergennes,VT,USA
438,Cork's,Burlington,VT,USA
439,Hartford Civic Center,Hartford,CT,USA
440,Providence Civic Center,Providence,RI,USA
441,MCI Center,Washington,DC,USA
442,Reynolds Coliseum,Raleigh,NC,USA
443,Big Cypress Seminole Indian Reservation,Big Cypress,FL,USA
444,Le Botanique,Brussels,,Belgium
445,Alter Wartesaal,Cologne,,Germany
446,Paradiso,Amsterdam,,Netherlands
447,Bataclan,Paris,,France
448,Teatro Smeraldo,Milan,,Italy
449,Tenax,Florence,,Italy
450,"Living and Learning Center, University of Vermont",Burlington,VT,USA
451,State Theater,Kalamazoo,MI,USA
452,Cincinnati Music Hall,Cincinnati,OH,USA
453,Veterans Memorial Auditorium,Columbus,OH,USA
454,Phoenix Plaza Theatre,Pontiac,MI,USA
455,Municipal Auditorium,Charleston,WV,USA
456,Walnut Creek Amphitheater,Raleigh,NC,USA
457,The Ballpark,Old Orchard Beach,ME,USA
458,Congress Center,"Ottawa, Ontario",,Canada
459,Theatre St. Denis,"MontrÃ©al, QuÃ©bec",,Canada
460,Summerstage at Sugarbush North,Fayston,VT,USA
461,"The Base Lodge, Stearns Hall, Johnson State College",Johnson,VT,USA
462,Teatro Olimpico,Rome,,Italy
463,Fillmore,Cortemaggiore,,Italy
464,Incognito,Munich,,Germany
465,SWF3 Studios,Baden-Baden,,Germany
466,Longhorn,Stuttgart,,Germany
467,Kenny's Castaways,New York,NY,USA
468,"Humphries House (The Zoo), Amherst College",Amherst,MA,USA
469,Huxleyâs Neue Welt,Berlin,,Germany
470,Colgate University,Hamilton,NY,USA
471,Pumpehuset,Copenhagen,,Denmark
473,Beecher Hill Farm,Hinesburg,VT,USA
474,The Spectrum,"Toronto, Ontario",,Canada
475,Symphony Hall,Springfield,MA,USA
476,"Matthews Arena, Northeastern University",Boston,MA,USA
477,Brad Sands's and Pete Carini's House,Charlotte,VT,USA
478,The S.F.X. Centre,Dublin,,Ireland
479,Royal Albert Hall,London,,England
480,Arena Wien,Vienna,,Austria
481,Divadlo Archa,Prague,,Czech Republic
482,Hurricane Festival,ScheeÃel,,Germany
483,Loreley,"St. Goarshausen, Koblenz",,Germany
484,La Laiterie,Strasbourg,,France
485,LâAeronef,Lille,,France
486,KeySpan Park,Brooklyn,NY,USA
487,Worthy Farm,Somerset,,England
488,Wedding Reception,Waitsfield,VT,USA
489,Squam Lake Steak House,Squam Lake,NH,USA
490,Gopher Broke (Commune),Morrisville,VT,USA
491,Tramps,New York,NY,USA
492,Halverson's,Burlington,VT,USA
493,Cossayuna Lake,Cossayuna,NY,USA
494,Serenadenhof,NÃ¼remberg,,Germany
495,Piazza Risorgimento,Como,,Italy
496,Newport State Airport,Coventry,VT,USA
497,Midtown Loft and Terrace,New York,NY,USA
498,Fenway Park,Boston,MA,USA
499,Nikon at Jones Beach Theater,Wantagh,NY,USA
500,Comcast Center,Mansfield,MA,USA
501,Susquehanna Bank Center,Camden,NJ,USA
502,Asheville Civic Center,Asheville,NC,USA
503,Thompson-Boling Arena,Knoxville,TN,USA
504,Sam's Tavern,Burlington,VT,USA
505,Spiaggia di Rivoltella,Desenzano,,Italy
506,Bonnaroo Music & Arts Festival,Manchester,TN,USA
507,Le Transbordeur,Lyon/Villeurbanne,,France
508,Espace Julien,Marseilles,,France
509,Doctor Music Festival,Escalarre,,Spain
510,The Fox Theatre,St. Louis,MO,USA
512,Post-Gazette Pavilion,Burgettstown,PA,USA
513,Fish's House,Burlington,VT,USA
514,Lowell Memorial Auditorium,Lowell,MA,USA
515,The Delta Center,Salt Lake City,UT,USA
516,Starplex Amphitheatre,Dallas,TX,USA
517,Ventura County Fairgrounds,Ventura,CA,USA
518,New World Music Theatre,Tinley Park,IL,USA
519,Toyota Park,Bridgeview,IL,USA
520,The âEâ Center,West Valley City,UT,USA
521,McNichols Arena,Denver,CO,USA
522,"Assembly Hall, University of Illinois",Champaign,IL,USA
523,The Comcast Theatre,Hartford,CT,USA
524,CoreStates Spectrum,Philadelphia,PA,USA
525,CSU Convocation Center,Cleveland,OH,USA
526,"Ervin J. Nutter Center, Wright State University",Dayton,OH,USA
527,"Bryce Jordan Center, Penn State University",State College,PA,USA
528,Rochester War Memorial,Rochester,NY,USA
529,USAir Arena,Landover,MD,USA
530,Dyrskuepladsen,"Ringe, Fyn",,Denmark
531,Lucerna Theatre,Prague,,Czech Republic
533,Mud Island Amphitheater,Memphis,TN,USA
534,Nissan Pavilion at Stone Ridge,Bristow,VA,USA
535,"Alumnae Hall, Brown University",Providence,RI,USA
536,"Alumni Gymnasium, Bates College",Lewiston,ME,USA
537,Pickle Barrel Pub,Killington,VT,USA
538,"John M. Greene Hall, Smith College",Northampton,MA,USA
539,State Theatre Of Ithaca,Ithaca,NY,USA
540,Kahootz,Richmond,VA,USA
541,Arnoldâs Flamingo Grill,Knoxville,TN,USA
542,"Sarratt Student Center, Vanderbilt University",Nashville,TN,USA
543,New Daisy Theatre,Memphis,TN,USA
544,The Gin,Oxford,MS,USA
545,College Station Theater,Tuscaloosa,AL,USA
546,Ten Mile Room,Breckenridge,CO,USA
547,Gothic Theatre,Englewood,CO,USA
548,Vernon Downs,Vernon,NY,USA
549,Wheeler Opera House,Aspen,CO,USA
550,DNA Lounge,San Francisco,CA,USA
551,Berkeley Square,Berkeley,CA,USA
552,International Beer Garden,Arcata,CA,USA
553,"Britt Ballroom, Southern Oregon State College",Ashland,OR,USA
554,"Stabler Arena, Lehigh University",Bethlehem,PA,USA
555,A. J. Palumbo Center,Pittsburgh,PA,USA
556,Palace Theatre,Louisville,KY,USA
557,Orpheum Theatre,Memphis,TN,USA
558,University of Mississippi,Oxford,MS,USA
559,"McAlister Auditorium, Tulane University",New Orleans,LA,USA
560,The Fillmore,San Francisco,CA,USA
561,Sony Music Studios,New York,NY,USA
562,WOW Hall,Eugene,OR,USA
563,Starry Night,Portland,OR,USA
564,"The Cave, Carleton College",Northfield,MN,USA
565,Biddy Mulliganâs,Chicago,IL,USA
566,"The Gathering Place, Norris University Center, Northwestern University",Evanston,IL,USA
567,Rick's CafÃ©,Ann Arbor,MI,USA
568,Nietzscheâs,Buffalo,NY,USA
569,"Douglass Dining Center, University of Rochester",Rochester,NY,USA
570,KBCO Studio C,Boulder,CO,USA
571,SUNY Potsdam,Potsdam,NY,USA
572,Kohl Center,Madison,WI,USA
573,Van Andel Arena,Grand Rapids,MI,USA
574,The Crown,Cincinnati,OH,USA
575,"Murphy Center, Middle Tennessee State University",Murfreesboro,TN,USA
576,BI-LO Center,Greenville,SC,USA
577,College of the Atlantic,Bar Harbor,ME,USA
579,Penny Post,Old Town,ME,USA
580,Dartmouth College,Hanover,NH,USA
581,Sheehan's,Northampton,MA,USA
582,Old Stone Church,Newmarket,NH,USA
585,The Nightshift,Naugatuck,CT,USA
586,Valley Club Cafe,Rutland,VT,USA
588,Johnny D's,Somerville,MA,USA
590,"Strafford Room, Memorial Union Building, University of New Hampshire",Durham,NH,USA
591,"Moulton Union, Bowdoin College",Brunswick,ME,USA
592,Night Stage,Cambridge,MA,USA
593,The Orange Grove,Syracuse,NY,USA
594,"Tent Party, Franklin & Marshall College",Lancaster,PA,USA
595,"Sigma Phi House, Hamilton College",Clinton,NY,USA
596,Pauly's Hotel,Albany,NY,USA
597,Copperfield's,Syracuse,NY,USA
598,The Blue Pelican,Newport,RI,USA
599,Northfield/Mt. Hermon School Gymnasium,Northfield,MA,USA
600,320 Spear Street,Burlington,VT,USA
601,"Alpha Delta Phi Fraternity, Trinity College",Hartford,CT,USA
602,"Hartman Union Activities Center, Plymouth State University",Plymouth,NH,USA
603,Portland Performing Arts Center,Portland,ME,USA
604,"Page Commons Room, Student Center, Colby College",Waterville,ME,USA
605,The Sting,New Britain,CT,USA
606,Salisbury School,Salisbury,CT,USA
607,Battery Park,Burlington,VT,USA
608,Berkshire Performing Arts Center,Lenox,MA,USA
609,"Ian McLean's Party, Connie Condon's Farm",Hebron,NY,USA
610,"The Quad, Hobart College",Geneva,NY,USA
611,"Private Party, Stowe High School Graduation, Lake Champlain",Burlington,VT,USA
612,Les Foufounes Ãlectriques,"MontrÃ©al, QuÃ©bec",,Canada
614,Pete's Phabulous Phish Phest,Underhill,VT,USA
615,Burlington Boathouse,Burlington,VT,USA
616,Atlantic Connection,"Oak Bluffs, Marthaâs Vineyard",MA,USA
617,The Roma,Telluride,CO,USA
618,Aspen Mining Company,Aspen,CO,USA
619,John & Peter's,New Hope,PA,USA
620,Bowdoin College,Brunswick,ME,USA
621,The Border,Burlington,VT,USA
622,Unknown Venue,Enosburg,VT,USA
623,"Food Court, Mont Alto Campus, Penn State University",Mont Alto,PA,USA
624,"Dining Commons, Bennington College",Bennington,VT,USA
626,"MacPhie Pub, Tufts University",Medford,MA,USA
627,"Nick's Basement, University of New Hampshire",Durham,NH,USA
628,"Campus Pub, Binghamton College",Binghamton,NY,USA
629,The Academy,New York,NY,USA
630,"The Red Barn, Hampshire College",Amherst,MA,USA
631,"Cafeteria Building, Middlebury College",Middlebury,VT,USA
632,Mariott Marquis,New York,NY,USA
633,Hampton Casino Ballroom,Hampton Beach,NH,USA
634,Molly's Cafe,Boston,MA,USA
635,Arrowhead Ranch,Parksville,NY,USA
636,Nardis Restaurant,Clinton,NY,USA
637,"Gymnasium, University of Vermont",Burlington,VT,USA
638,"Chase Hall, Bates College",Lewiston,ME,USA
639,"The Barn, Hobart College",Geneva,NY,USA
640,"Larrabee Farm, a.k.a. Amyâs Farm",Auburn,ME,USA
641,The Warehouse,Rochester,NY,USA
642,The Rink,Buffalo,NY,USA
643,The Agora Ballroom,Cleveland,OH,USA
644,"The Dugout Lounge, Ohio University",Athens,OH,USA
645,"College Auditorium, College of the Atlantic",Bar Harbor,ME,USA
646,"Mission Park Dining Hall, Williams College",Williamstown,MA,USA
648,The Roxy,Washington,DC,USA
649,"Withey Hall Dining Room, Green Mountain College",Poultney,VT,USA
650,"Huden Dining Hall, Castleton State College",Castleton,VT,USA
651,Ukrainian National Home,New York,NY,USA
652,"Contois Auditorium, City Hall",Burlington,VT,USA
654,"Summer Pops, Embarcadero Center",San Diego,CA,USA
655,Seattle Center Arena,Seattle,WA,USA
657,Memorial Coliseum,Portland,OR,USA
658,The Orpheum Theatre,"Vancouver, British Columbia",,Canada
659,Spokane Opera House,Spokane,WA,USA
660,"Adams Fieldhouse, University of Montana",Missoula,MT,USA
661,Compton Terrace Amphitheater,Chandler,AZ,USA
662,Will Rogers Auditorium,Fort Worth,TX,USA
663,Austin Music Hall,Austin,TX,USA
664,The Cubby Bear,Chicago,IL,USA
665,Mabel's,Champaign,IL,USA
666,"Cochran Lounge, Student Union, Macalester College",St. Paul,MN,USA
667,"EMU Ballroom, University of Oregon",Eugene,OR,USA
668,Backstage,Seattle,WA,USA
669,North Shore Surf Club,Olympia,WA,USA
670,Great American Music Hall,San Francisco,CA,USA
671,Chuy's,Tempe,AZ,USA
672,"Crystal Ballroom, Hotel St. Michael",Prescott,AZ,USA
673,Club West,Santa Fe,NM,USA
674,Elk Ballroom,Telluride,CO,USA
675,"Lory Student Center Theatre, Colorado State University",Fort Collins,CO,USA
676,Ivory Tusk,Tuscaloosa,AL,USA
677,Music Farm,Charleston,SC,USA
678,"Love Auditorium, Davidson College",Davidson,NC,USA
679,"Sullivan Gymnasium, University of Southern Maine",Portland,ME,USA
680,Alumni Hall,Barre,VT,USA
681,"E. Glenn Giltz Auditorium, SUNY-Plattsburgh",Plattsburgh,NY,USA
682,Greenfield Armory Castle,Greenfield,MA,USA
683,"McCullough Social Hall, McCullough Student Center, Middlebury College",Middlebury,VT,USA
684,Worcester Memorial Auditorium,Worcester,MA,USA
685,Joyous Lake,Woodstock,NY,USA
686,Wolf Mountain Amphitheatre,Park City,UT,USA
687,Municipal Auditorium,Kansas City,MO,USA
688,Five Seasons Arena,Cedar Rapids,IA,USA
689,Pershing Auditorium,Lincoln,NE,USA
690,Dane County Coliseum,Madison,WI,USA
691,St. Paul Civic Center,St. Paul,MN,USA
692,Wing's Stadium,Kalamazoo,MI,USA
693,Louisville Gardens,Louisville,KY,USA
694,"O'Connell Center, University of Florida",Gainesville,FL,USA
695,University of Central Florida Arena,Orlando,FL,USA
696,"Sun Dome, University of South Florida",Tampa,FL,USA
697,West Palm Beach Auditorium,West Palm Beach,FL,USA
698,North Charleston Coliseum,North Charleston,SC,USA
699,Charlotte Coliseum,Charlotte,NC,USA
700,Civic Arena,Pittsburgh,PA,USA
702,Municipal Auditorium,Nashville,TN,USA
703,Olympic Center,Lake Placid,NY,USA
704,Niagara Falls Convention Center,Niagara Falls,NY,USA
705,Knickerbocker Arena,Albany,NY,USA
706,Leon County Civic Center,Tallahassee,FL,USA
707,The Omni,Atlanta,GA,USA
708,Coral Sky Amphitheater,West Palm Beach,FL,USA
709,Knoxville Civic Coliseum,Knoxville,TN,USA
710,Rupp Arena,Lexington,KY,USA
711,Kiel Center,St. Louis,MO,USA
712,Civic Auditorium,Omaha,NE,USA
713,Civic Center,Philadelphia,PA,USA
714,Civic Auditorium,Santa Monica,CA,USA
715,Mid-South Coliseum,Memphis,TN,USA
716,Mesa Amphitheatre,Mesa,AZ,USA
717,Spreckels Theatre,San Diego,CA,USA
718,Spokane Arena,Spokane,WA,USA
719,Pacific Coliseum,"Vancouver, British Columbia",,Canada
720,"UCSB Events Center, University of California-Santa Barbara",Goleta,CA,USA
721,Key Arena,Seattle,WA,USA
722,"Acker Gym, Chico State University",Chico,CA,USA
723,ARCO Arena,Sacramento,CA,USA
724,"Pauley Pavilion, University of California Los Angeles",Los Angeles,CA,USA
725,America West Arena,Phoenix,AZ,USA
726,Sports Arena,San Diego,CA,USA
727,The Aladdin Theatre,Las Vegas,NV,USA
728,Event Center,San Jose,CA,USA
729,"Recreation Hall, University of California-Davis",Davis,CA,USA
730,Salem Armory,Salem,OR,USA
731,"Brick Breeden Fieldhouse, Montana State University",Bozeman,MT,USA
732,Soldiers and Sailors Memorial Auditorium,Chattanooga,TN,USA
733,Vanderbilt University Memorial Gym,Nashville,TN,USA
734,Mahaffey Theatre,St. Petersburg,FL,USA
735,Sunrise Musical Theatre,Sunrise,FL,USA
736,"Band Shell, University of Florida",Gainesville,FL,USA
737,Atlanta Civic Center,Atlanta,GA,USA
738,"Varsity Gym, Appalachian State University",Boone,NC,USA
739,"University Hall, University of Virginia",Charlottesville,VA,USA
740,Gaillard Auditorium,Charleston,SC,USA
741,Spartanburg Memorial Auditorium,Spartanburg,SC,USA
742,Glens Falls Civic Center,Glens Falls,NY,USA
743,Onondaga War Memorial Auditorium,Syracuse,NY,USA
744,The Orpheum Theatre,Minneapolis,MN,USA
745,"Jesse Auditorium, University of Missouri",Columbia,MO,USA
747,"Parking Lot, Indiana University Auditorium",Bloomington,IN,USA
748,Indiana University Auditorium,Bloomington,IN,USA
749,"MSU Auditorium, Michigan State University",East Lansing,MI,USA
750,Hara Arena,Dayton,OH,USA
751,"Hill Auditorium, University of Michigan",Ann Arbor,MI,USA
752,DeVos Hall,Grand Rapids,MI,USA
753,Warner Theatre,Erie,PA,USA
754,"MAC Center, Kent State University",Kent,OH,USA
755,Cobo Arena,Detroit,MI,USA
756,Empire Polo Club,Indio,CA,USA
757,War Memorial at Oncenter,Syracuse,NY,USA
758,Times Union Center,Albany,NY,USA
759,John Paul Jones Arena,Charlottesville,VA,USA
760,Wachovia Center,Philadelphia,PA,USA
761,Hersheypark Arena,Hershey,PA,USA
762,CoreStates Center,Philadelphia,PA,USA
763,The Edge Night Club,Orlando,FL,USA
764,The Waldorf Astoria,New York,NY,USA
765,nTelos Pavilion,Portsmouth,VA,USA
766,CMAC Performing Arts Center,Canandaigua,NY,USA
767,Time Warner Cable Music Pavilion at Walnut Creek ,Raleigh,NC,USA
768,Verizon Wireless Amphitheatre at Encore Park,Alpharetta,GA,USA
769,Telluride Town Park,Telluride,CO,USA
770,"NBC Television Studios, Studio 6B",New York,NY,USA
771,Zilker Park,Austin,TX,USA
772,1stBank Center,Broomfield,CO,USA
773,Augusta Civic Center,Augusta,ME,USA
774,Utica Memorial Auditorium,Utica,NY,USA
775,Dunkin' Donuts Center,Providence,RI,USA
776,Verizon Wireless Arena,Manchester,NH,USA
777,Boardwalk Hall,Atlantic City,NJ,USA
778,Cannibal Club,Austin,TX,USA
779,CD's,Norwalk,CT,USA
780,Anastasio's House,Unknown,NJ,USA
781,DCU Center,Worcester,MA,USA
782,University of New Hampshire,Durham,NH,USA
783,Unknown Venue,Minneapolis,MN,USA
809,Bethel Woods Center for the Arts,Bethel,NY,USA
810,DTE Energy Music Theatre,Clarkston,MI,USA
816,Bill Graham Civic Auditorium,San Francisco,CA,USA
822,Champlain Valley Exposition,Essex Junction,VT,USA
825,Memorial Auditorium,Burlington,VT,USA
878,"Polo Fields, Golden Gate Park",San Francisco,CA,USA
933,FirstMerit Bank Pavilion at Northerly Island,Chicago,IL,USA
958,Watkins Glen International,Watkins Glen,NY,USA
959,Hollywood Bowl,Hollywood,CA,USA
960,Lake Tahoe Outdoor Arena at Harveys,Stateline,NV,USA
961,Dick's Sporting Goods Park,Commerce City,CO,USA
1005,"Ira Allen Chapel, University of Vermont",Burlington,VT,USA
1190,The Loop 97.9 Studios,Chicago,IL,USA
1192,Bader Field,Atlantic City,NJ,USA
1193,First Niagara Pavilion,Burgettstown,PA,USA
1220,Long Beach Arena,Long Beach,CA,USA
1222,"Chaifetz Arena, Saint Louis University",St. Louis,MO,USA
1223,Oklahoma City Zoo Amphitheatre,Oklahoma City,OK,USA
1224,Aaron's Amphitheatre at Lakewood,Atlanta,GA,USA
1225,Starlight Theatre,Kansas City,MO,USA
1255,"Stevens Dining Hall, Lyndon State College",Lyndonville,VT,USA
1272,New Orleans Fairgrounds,New Orleans,LA,USA
1274,Darling's Waterfront Pavilion,Bangor,ME,USA
1275,Molson Canadian Amphitheatre,"Toronto, Ontario",,Canada
1283,Santander Arena,Reading,PA,USA
1284,XL Center,Hartford,CT,USA
1286,Oak Ridge Farm,Arrington,VA,USA
1306,Xfinity Center,Mansfield,MA,USA
1307,Randall's Island,New York,NY,USA
1308,PNC Music Pavilion,Charlotte,NC,USA
1309,Amphitheater at the Wharf,Orange Beach,AL,USA
1311,NBC Studios,New York,NY,USA
1312,Matthew Knight Arena,Eugene,OR,USA
1314,The Forum,Inglewood,CA,USA
1315,Sleep Train Amphitheatre,Chula Vista,CA,USA
1316,MGM Grand Garden Arena,Las Vegas,NV,USA
1321,NPR Headquarters,Washington,DC,USA
1325,Les Schwab Amphitheater,Bend,OR,USA
1326,Austin360 Amphitheater,Del Valle,TX,USA
1327,Verizon Theatre at Grand Prairie,Grand Prairie,TX,USA
1328,Tuscaloosa Amphitheater,Tuscaloosa,AL,USA
1329,Ascend Amphitheater,Nashville,TN,USA
1346,The Attic,Greenville,NC,USA
1349,BarcelÃ³ Maya Beach,"Riviera Maya, Quintana Roo",,Mexico
1366,Xcel Energy Center,St. Paul,MN,USA
1367,Wrigley Field,Chicago,IL,USA
1368,Cross Insurance Arena,Portland,ME,USA
1369,Xfinity Theatre,Hartford,CT,USA
1370,Lakeview Amphitheater,Syracuse,NY,USA
1371,"Memorial Union Building, Granite State Room, University of New Hampshire",Durham,NH,USA
1379,Jacksonville Veterans Memorial Arena,Jacksonville,FL,USA
1385,Royall Tyler Theatre Piazza,Burlington,VT,USA
1396,Petersen Events Center,Pittsburgh,PA,USA
1399,Huntington Bank Pavilion at Northerly Island,Chicago,IL,USA
1436,Coastal Credit Union Music Park at Walnut Creek,Raleigh,NC,USA
1437,BB&T Pavilion,Camden,NJ,USA
1462,Met Philadelphia,Philadelphia,PA,USA
1466,Budweiser Stage,"Toronto, Ontario",,Canada
1467,Mohegan Sun Arena,Uncasville,CT,USA
1481,Moon Palace,"Cancun, Quintana Roo",,Mexico
1491,"Sigma Phi Fraternity, Hamilton College",Clinton,NY,USA
1494,Chase Center,San Francisco,CA,USA
1495,Walmart Arkansas Music Pavilion,Rogers,AR,USA
1496,Piedmont Park,Atlanta,GA,USA
1497,Ruoff Music Center,Noblesville,IN,USA
1498,Giant Center,Hershey,PA,USA
1499,Atlantic City Beach,Atlantic City,NJ,USA
1517,Ameris Bank Amphitheatre,Alpharetta,GA,USA
1518,Golden 1 Center,Sacramento,CA,USA
1519,Ak-Chin Pavilion,Phoenix,AZ,USA
1520,Blockbuster Desert Sky Pavilion,Phoenix,AZ,USA
1522,North Island Credit Union Amphitheatre,Chula Vista,CA,USA
1528,Live Oak Bank Pavilion at Riverfront Park,Wilmington,NC,USA
1540,Rock Lititz,Lititz,PA,USA
1543,The Wharf Amphitheater,Orange Beach,AL,USA
1544,Credit One Stadium,Charleston,SC,USA
1545,Maine Savings Amphitheater,Bangor,ME,USA
1546,TD Pavilion at the Mann,Philadelphia,PA,USA
1547,Northwell Health at Jones Beach Theater,Wantagh,NY,USA
1548,Pine Knob Music Theatre,Clarkston,MI,USA
1570,Climate Pledge Arena,Seattle,WA,USA
1573,Orion Amphitheater,Huntsville,AL,USA
1575,The Pavilion at Star Lake,Burgettstown,PA,USA
1576,St. Joseph's Health Amphitheater at Lakeview,Syracuse,NY,USA
1586,Bridgestone Arena,Nashville,TN,USA
1587,United Center,Chicago,IL,USA
1588,Broadview Stage at SPAC,Saratoga Springs,NY,USA
1591,The Woodlands,Dover,DE,USA
1594,Odd Fellows Hall,Burlington,VT,USA
1597,Sphere,Las Vegas,NV,USA
1611,Klipsch Music Center,Noblesville,IN,USA
1612,"The Library Building, Evergreen College",Olympia,WA,USA
1623,The Little Red House,Burlington,VT,USA
1626,MVP Arena,Albany,NY,USA
